ticker,year,total_emissions,num_facilities,primary_state
ABBV,2010,201087.658,2,IL
ABBV,2011,200835.466,2,IL
ABBV,2012,190351.388,2,IL
ABBV,2013,185917.646,2,IL
ABBV,2014,183275.24599999998,2,IL
ABBV,2015,169719.19,2,IL
ABBV,2016,159491.92200000002,2,IL
ABBV,2017,148979.598,2,IL
ABBV,2018,154504.092,2,IL
ABBV,2019,154325.934,2,IL
ABBV,2020,128416.176,2,IL
ABBV,2021,128081.35,2,IL
ABBV,2022,106306.57800000001,2,IL
ABBV,2023,99777.824,2,IL
ABT,2010,159571.602,3,AZ
ABT,2011,131450.556,3,AZ
ABT,2012,111117.596,3,AZ
ABT,2013,124024.532,3,AZ
ABT,2014,122319.248,3,AZ
ABT,2015,113605.568,3,AZ
ABT,2016,114673.31599999999,3,AZ
ABT,2017,117778.60800000001,3,AZ
ABT,2018,114188.668,3,AZ
ABT,2019,113542.67199999999,3,AZ
ABT,2020,111891.52799999999,3,AZ
ABT,2021,135897.736,4,AZ
ABT,2022,138440.828,4,AZ
ABT,2023,134386.892,4,AZ
ADI,2011,166937.0419,3,MA
ADI,2012,131527.345,3,MA
ADI,2013,142575.7536,3,MA
ADI,2014,104875.177616,3,MA
ADI,2015,101516.96971599999,3,MA
ADI,2016,106702.188537,3,MA
ADI,2017,100497.82792499999,3,MA
ADI,2018,116917.35128899998,3,MA
ADI,2019,107502.862001,3,MA
ADI,2020,120209.243229,3,MA
ADI,2021,125755.58882,3,MA
ADI,2022,137478.719763,3,MA
ADI,2023,117771.628108,3,MA
ADM,2010,11059742.25,12,IA
ADM,2011,11864361.838,12,IA
ADM,2012,12102467.826,14,IA
ADM,2013,11858633.370000001,14,IA
ADM,2014,12172823.6,14,IA
ADM,2015,11918933.204,16,IA
ADM,2016,11542075.272,16,IA
ADM,2017,11813335.827,16,IA
ADM,2018,11844715.469999999,16,IA
ADM,2019,11883748.855999999,17,IA
ADM,2020,10780502.382,17,IA
ADM,2021,11235810.822,18,IA
ADM,2022,11371895.922,18,IA
ADM,2023,10585367.606,18,IA
AEE,2010,36276990.976,11,MO
AEE,2011,37260492.019999996,11,MO
AEE,2012,30296483.711999997,11,MO
AEE,2013,29969822.632,11,MO
AEE,2014,30432530.624,11,MO
AEE,2015,28319298.842,11,MO
AEE,2016,26596742.244,11,MO
AEE,2017,29995757.76,11,MO
AEE,2018,29344947.722,11,MO
AEE,2019,24205850.4,11,MO
AEE,2020,25759240.166,11,MO
AEE,2021,27981534.718000002,11,MO
AEE,2022,24745347.054,11,MO
AEE,2023,19669522.87,11,MO
AEP,2010,99955186.222,23,OK
AEP,2011,101053947.89,23,OK
AEP,2012,90432275.756,24,OK
AEP,2013,83138055.178,24,OK
AEP,2014,89248888.934,24,OK
AEP,2015,75384167.886,24,OK
AEP,2016,70978607.946,24,OK
AEP,2017,70780956.37200001,24,OK
AEP,2018,70410535.89,24,OK
AEP,2019,61457626.066,24,OK
AEP,2020,47943299.814,24,OK
AEP,2021,57953296.248,24,OK
AEP,2022,54588657.346,24,OK
AEP,2023,47932477.914,24,OK
AES,2010,21806276.498,9,IN
AES,2011,21454356.034,9,IN
AES,2012,20581387.560000002,9,IN
AES,2013,21798640.096,9,IN
AES,2014,22406117.98,9,IN
AES,2015,19115442.956,9,IN
AES,2016,17614022.31,9,IN
AES,2017,15690195.528,9,IN
AES,2018,16636602.256000001,9,IN
AES,2019,18311677.888,9,IN
AES,2020,15635681.748,9,IN
AES,2021,18539335.316,9,IN
AES,2022,18959295.623999998,9,IN
AES,2023,15677526.79,9,IN
ALB,2010,309466.2,4,TX
ALB,2011,312218.77999999997,4,TX
ALB,2012,295572.492,4,TX
ALB,2013,274804.538,4,TX
ALB,2014,309379.306,4,TX
ALB,2015,294294.964,4,TX
ALB,2016,280559.422,4,TX
ALB,2017,292780.83999999997,4,TX
ALB,2018,295958.73,4,TX
ALB,2019,300141.22,4,TX
ALB,2020,297095.734,4,TX
ALB,2021,290355.86199999996,4,TX
ALB,2022,297765.49199999997,4,TX
ALB,2023,290882.972,4,TX
AMGN,2010,27381.406,1,PR
AMGN,2011,28911.132,1,PR
AMGN,2012,27348.258,1,PR
AMGN,2013,28273.752,1,PR
AMGN,2014,28997.18,1,PR
AMGN,2015,31530.738,1,PR
AMGN,2016,28167.744,1,PR
AMGN,2017,28148.594,1,PR
AMGN,2018,25065.296,1,PR
AMGN,2019,35993.516,1,PR
AMGN,2020,49616.696,1,PR
AMGN,2021,41579.632,1,PR
AMGN,2022,36979.004,1,PR
AMGN,2023,61780.352,1,PR
APA,2021,138781.682,1,TX
APA,2022,135699.842,1,TX
APA,2023,125913.78,1,TX
APD,2010,8603962.67,16,CA
APD,2011,9283229.038,17,CA
APD,2012,9825870.252,19,LA
APD,2013,10712115.424,19,LA
APD,2014,11412856.964,20,LA
APD,2015,11407199.552,20,LA
APD,2016,11545450.156,20,LA
APD,2017,11702932.658,20,LA
APD,2018,11867543.422,21,LA
APD,2019,12168429.054,21,LA
APD,2020,11036496.256000001,22,LA
APD,2021,12455740.833999999,25,LA
APD,2022,13342137.824,26,CA
APD,2023,14072905.322,27,CA
ATO,2010,35044.568,1,TX
ATO,2011,38919.492,1,TX
ATO,2012,73394.936,1,TX
ATO,2013,57192.964,1,TX
ATO,2014,53240.13,1,TX
ATO,2015,49409.726,1,TX
ATO,2016,45016.342,1,TX
ATO,2017,50917.822,1,TX
ATO,2018,44500.698,1,TX
ATO,2019,131647.468,3,TX
ATO,2020,141033.134,3,TX
ATO,2021,135293.412,3,TX
ATO,2022,133303.636,3,TX
ATO,2023,130555.092,3,TX
AVGO,2011,40621.654,1,CO
AVGO,2012,58920.487,1,CO
AVGO,2013,94031.929,1,CO
AVGO,2014,213562.45988,1,CO
AVGO,2015,288703.708578,1,CO
AVGO,2016,306331.515775,1,CO
AVGO,2017,201755.514062,1,CO
AVGO,2018,172334.225758,1,CO
AVGO,2019,182824.213364,1,CO
AVGO,2020,139671.188379,1,CO
AVGO,2021,125323.092167,1,CO
AVGO,2022,78584.468743,1,CO
AVGO,2023,34457.051985,1,CO
BA,2010,155923.814,4,WA
BA,2011,168592.24199999997,4,WA
BA,2012,161982.028,4,WA
BA,2013,164168.174,4,WA
BA,2014,165639.588,4,WA
BA,2015,152514.548,4,WA
BA,2016,161552.06799999997,4,WA
BA,2017,167443.146,4,WA
BA,2018,161902.016,4,WA
BA,2019,174933.376,4,WA
BA,2020,154943.394,4,WA
BA,2021,156991.05800000002,4,WA
BA,2022,158302.1,4,WA
BA,2023,151144.822,4,WA
BAX,2022,39606.0,1,AR
BAX,2023,43203.836,1,AR
BF.B,2010,46217.392,1,KY
BF.B,2011,47726.612,1,KY
BF.B,2012,43578.058,1,KY
BF.B,2013,47951.154,1,KY
BF.B,2014,42790.828,1,KY
BF.B,2015,45737.036,1,KY
BF.B,2016,42268.736,1,KY
BF.B,2017,32372.696,1,KY
BF.B,2018,58824.412,2,KY
BF.B,2019,57437.848,2,KY
BF.B,2020,56994.348,2,KY
BF.B,2021,70601.044,2,KY
BF.B,2022,94436.992,2,KY
BF.B,2023,90072.76000000001,2,KY
BIIB,2010,35793.65,1,MA
BIIB,2011,33966.38,1,MA
BIIB,2012,30243.688,1,MA
BIIB,2013,76311.964,1,MA
BIIB,2014,31908.226,1,MA
BIIB,2015,32786.224,1,MA
BIIB,2016,28958.892,1,MA
BIIB,2017,29926.634,1,MA
BIIB,2018,30257.788,1,MA
BIIB,2019,29570.338,1,MA
BIIB,2020,27100.996,1,MA
BIIB,2021,29388.44,1,MA
BIIB,2022,29755.04,1,MA
BIIB,2023,28268.192,1,MA
BMY,2010,100193.01800000001,2,NJ
BMY,2011,97630.918,2,NJ
BMY,2012,93385.292,2,NJ
BMY,2013,103457.356,2,NJ
BMY,2014,100091.20199999999,2,NJ
BMY,2015,95830.95,2,NJ
BMY,2016,93792.57800000001,2,NJ
BMY,2017,97711.98000000001,2,NJ
BMY,2018,93262.324,2,NJ
BMY,2019,84259.166,2,NJ
BMY,2020,83474.864,2,NJ
BMY,2021,90192.85800000001,2,NJ
BMY,2022,91669.24799999999,2,NJ
BMY,2023,95102.73999999999,2,NJ
BRK.B,2010,43835284.563990004,64,NV
BRK.B,2011,40613260.872829996,72,NV
BRK.B,2012,44207380.444,75,NV
BRK.B,2013,46531561.774,83,NV
BRK.B,2014,44541174.762,85,NV
BRK.B,2015,45262051.794,89,NV
BRK.B,2016,43694034.17,89,NV
BRK.B,2017,41661692.924,91,OH
BRK.B,2018,43181593.554,99,TX
BRK.B,2019,42136369.422,99,TX
BRK.B,2020,40552566.762,101,TX
BRK.B,2021,40999667.638000004,103,TX
BRK.B,2022,39828496.218,105,TX
BRK.B,2023,36757318.922,105,TX
CAG,2010,112640.324,2,CA
CAG,2011,105619.45199999999,2,CA
CAG,2012,98928.376,2,CA
CAG,2013,102370.564,2,CA
CAG,2014,108596.44,2,CA
CAG,2015,107285.49600000001,2,CA
CAG,2016,103151.312,2,CA
CAG,2017,86053.676,2,CA
CAG,2018,93499.348,2,CA
CAG,2019,123699.984,3,AR
CAG,2020,140014.872,3,AR
CAG,2021,143519.70799999998,3,AR
CAG,2022,158389.452,3,AR
CAG,2023,112660.176,3,AR
CAT,2010,328755.212,6,IL
CAT,2011,524091.99,6,IL
CAT,2012,502000.01399999997,6,IL
CAT,2013,512399.052,6,IL
CAT,2014,494806.18,6,IL
CAT,2015,464088.64999999997,6,IL
CAT,2016,441832.266,6,IL
CAT,2017,488605.14400000003,6,IL
CAT,2018,531956.56,7,IL
CAT,2019,537013.652,7,IL
CAT,2020,459261.132,7,IL
CAT,2021,471626.77599999995,7,IL
CAT,2022,479805.40599999996,7,IL
CAT,2023,456901.738,7,IL
CEG,2010,7718209.875999999,8,MA
CEG,2011,6500671.6280000005,8,MA
CEG,2012,6213022.967999999,8,MA
CEG,2013,4789616.42,8,MA
CEG,2014,3268565.446,8,MA
CEG,2015,4054841.558,8,MA
CEG,2016,5913163.186,8,MA
CEG,2017,7199363.757999999,10,MA
CEG,2018,8154254.918,10,MA
CEG,2019,8092826.764,10,MA
CEG,2020,7509770.68,10,MA
CEG,2021,7665565.058,10,MA
CEG,2022,8247705.788000001,10,MA
CEG,2023,8941320.546,10,MA
CF,2010,14820297.766,5,OK
CF,2011,14681864.796,5,OK
CF,2012,14913768.162,5,OK
CF,2013,15024892.678,5,OK
CF,2014,14658857.686,5,OK
CF,2015,16138570.878,5,OK
CF,2016,16427558.374,6,LA
CF,2017,20108662.888,6,LA
CF,2018,19945452.682,6,LA
CF,2019,20985495.304,6,LA
CF,2020,20621153.56,6,LA
CF,2021,18956070.078,6,LA
CF,2022,20703034.516,6,LA
CF,2023,20579424.174,6,LA
CMS,2010,9012035.286,8,MI
CMS,2011,8649024.481999999,8,MI
CMS,2012,10254407.85,8,MI
CMS,2013,8807316.348,8,MI
CMS,2014,8340563.284,9,MI
CMS,2015,10040895.592,9,MI
CMS,2016,11377669.43,9,MI
CMS,2017,10860688.884,9,MI
CMS,2018,11119740.618,9,MI
CMS,2019,11073913.442,9,MI
CMS,2020,10505380.256,9,MI
CMS,2021,11623815.742,9,MI
CMS,2022,12226466.656,9,MI
CMS,2023,10198676.14,9,MI
CNP,2010,4404956.876,2,IN
CNP,2011,4076896.9280000003,2,IN
CNP,2012,4514767.392,2,IN
CNP,2013,4708635.5940000005,2,IN
CNP,2014,4960186.318,2,IN
CNP,2015,4307398.786,2,IN
CNP,2016,3702865.974,2,IN
CNP,2017,4356177.198000001,2,IN
CNP,2018,5026967.434,2,IN
CNP,2019,4475951.516,2,IN
CNP,2020,3537566.934,2,IN
CNP,2021,5514933.164,2,IN
CNP,2022,4352488.256,2,IN
CNP,2023,3741577.852,2,IN
COP,2010,614938.772,2,AK
COP,2011,620517.6819999999,2,AK
COP,2012,608691.6440000001,2,AK
COP,2013,588098.3319999999,2,AK
COP,2014,597383.5739999999,2,AK
COP,2015,622116.9580000001,2,AK
COP,2016,615259.952,2,AK
COP,2017,653221.596,2,AK
COP,2018,652974.0939999999,2,AK
COP,2019,639745.428,2,AK
COP,2020,584483.5939999999,2,AK
COP,2021,598302.776,2,AK
COP,2022,576118.594,2,AK
COP,2023,570045.678,2,AK
CTVA,2010,58611.88,1,MI
CTVA,2011,57796.632,1,MI
CTVA,2012,56993.636,1,MI
CTVA,2013,58403.28,1,MI
CTVA,2014,58184.08,1,MI
CTVA,2015,55891.14,1,MI
CTVA,2016,50356.16,1,MI
CTVA,2017,58722.528,1,MI
CTVA,2018,62288.316,1,MI
CTVA,2019,65076.704,1,MI
CTVA,2020,56791.336,1,MI
CTVA,2021,59699.876,1,MI
CTVA,2022,61295.92,1,MI
CTVA,2023,56532.988,1,MI
CVX,2010,17000457.848,17,CA
CVX,2011,17092562.59,17,CA
CVX,2012,17181830.422,18,CA
CVX,2013,16979698.504,18,CA
CVX,2014,16945451.39,18,CA
CVX,2015,18612446.005999997,18,CA
CVX,2016,18150600.502,18,CA
CVX,2017,18345629.78,18,CA
CVX,2018,18759928.652,18,CA
CVX,2019,17288467.494,19,CA
CVX,2020,15988793.43,19,CA
CVX,2021,16806846.476,19,CA
CVX,2022,15828266.804,19,CA
CVX,2023,16013153.746,19,CA
CZR,2010,52208.504,1,NV
CZR,2011,53805.148,1,NV
CZR,2012,55826.64,1,NV
CZR,2013,56952.336,1,NV
CZR,2014,59308.376,1,NV
CZR,2015,58366.48,1,NV
CZR,2016,60775.372,1,NV
CZR,2017,57911.832,1,NV
CZR,2018,56588.736,1,NV
CZR,2019,56405.988,1,NV
CZR,2020,41874.292,1,NV
CZR,2021,45674.328,1,NV
CZR,2022,58716.728,1,NV
CZR,2023,56095.788,1,NV
D,2010,35933070.254,19,VA
D,2011,31845258.327999998,20,VA
D,2012,31937104.054,22,VA
D,2013,35717563.644,22,VA
D,2014,38195677.864,23,VA
D,2015,39271452.091,24,VA
D,2016,40588975.275,24,VA
D,2017,36175478.135,24,VA
D,2018,35552237.502,26,VA
D,2019,32430019.552,26,VA
D,2020,33525337.94,26,VA
D,2021,32108770.12,26,VA
D,2022,31246444.182,26,VA
D,2023,28177882.236,26,VA
DAL,2010,1546459.4279999998,2,GA
DAL,2011,1156497.19,2,GA
DAL,2012,386460.76,2,GA
DAL,2013,1357110.636,2,GA
DAL,2014,1403041.308,2,GA
DAL,2015,1438536.184,2,GA
DAL,2016,1398973.314,2,GA
DAL,2017,1355968.92,2,GA
DAL,2018,1230173.122,2,GA
DAL,2019,1501649.668,2,GA
DAL,2020,1179682.28,2,GA
DAL,2021,1381265.21,2,GA
DAL,2022,1313653.766,2,GA
DAL,2023,1256096.862,2,GA
DD,2010,228452.268,4,DE
DD,2011,232748.994,4,DE
DD,2012,230189.36800000002,4,DE
DD,2013,244922.47999999998,4,DE
DD,2014,249253.086,4,DE
DD,2015,243167.196,4,DE
DD,2016,217448.712,4,DE
DD,2017,214328.354,4,DE
DD,2018,230081.946,4,DE
DD,2019,220453.144,4,DE
DD,2020,198216.788,4,DE
DD,2021,198297.142,4,DE
DD,2022,206987.258,4,DE
DD,2023,195527.252,4,DE
DE,2010,34563.114,1,IA
DE,2011,35541.01,1,IA
DE,2012,34738.768,1,IA
DE,2013,44526.232,1,IA
DE,2014,46430.174,1,IA
DE,2015,42124.088,1,IA
DE,2016,40664.348,1,IA
DE,2017,43409.03,1,IA
DE,2018,48675.116,1,IA
DE,2019,47359.772,1,IA
DE,2020,44079.384,1,IA
DE,2021,44661.832,1,IA
DE,2022,52119.056,1,IA
DE,2023,45075.88,1,IA
DOW,2010,18323809.69,15,TX
DOW,2011,19079516.256,15,TX
DOW,2012,18549779.009999998,15,TX
DOW,2013,19186929.358,15,TX
DOW,2014,19204156.688,15,TX
DOW,2015,15801678.59,15,TX
DOW,2016,16245810.0,15,TX
DOW,2017,16763236.217999998,15,TX
DOW,2018,16979429.18,15,TX
DOW,2019,16342159.396,15,TX
DOW,2020,17000494.13,15,TX
DOW,2021,17175857.846,15,TX
DOW,2022,16638598.38,15,TX
DOW,2023,16788738.352,15,TX
DTE,2010,38479709.726,12,MI
DTE,2011,35708608.41,13,MI
DTE,2012,34845189.988,13,MI
DTE,2013,35430396.04,13,MI
DTE,2014,33186009.588,15,MI
DTE,2015,33097577.308,15,MI
DTE,2016,29546243.016,15,MI
DTE,2017,30616333.732,15,MI
DTE,2018,33041199.896,15,MI
DTE,2019,29634785.485999998,17,MI
DTE,2020,23693823.028,18,MI
DTE,2021,29862816.568,18,MI
DTE,2022,28836096.46,20,MI
DTE,2023,24054836.762,20,MI
DUK,2010,101078397.428,36,NC
DUK,2011,89312441.406,36,NC
DUK,2012,83499850.264,36,NC
DUK,2013,83861768.46,36,NC
DUK,2014,87285648.446,36,NC
DUK,2015,84619516.836,35,NC
DUK,2016,83921682.596,35,NC
DUK,2017,80554597.722,35,NC
DUK,2018,81752492.678,35,NC
DUK,2019,74729515.202,35,NC
DUK,2020,64465797.328,35,NC
DUK,2021,69219009.728,36,NC
DUK,2022,69525372.66,38,NC
DUK,2023,64619721.302,38,NC
DVN,2010,119127.46,1,TX
DVN,2011,156756.268,1,TX
DVN,2012,158930.442,1,TX
DVN,2013,142914.232,1,TX
DVN,2014,142354.962,1,TX
DVN,2015,140312.904,1,TX
DVN,2016,143788.22,1,TX
DVN,2017,271668.156,1,TX
DVN,2018,69552.302,1,TX
DVN,2019,328990.342,1,TX
DVN,2020,376746.986,1,TX
DVN,2021,420986.8,1,TX
DVN,2022,178660.946,1,TX
DVN,2023,99720.708,1,TX
ED,2010,3160131.7739999997,5,NY
ED,2011,2806590.744,5,NY
ED,2012,2725048.4820000003,5,NY
ED,2013,2872899.62,5,NY
ED,2014,2697381.0960000004,5,NY
ED,2015,2709072.7339999997,5,NY
ED,2016,2632140.32,5,NY
ED,2017,2582570.824,5,NY
ED,2018,2658288.444,5,NY
ED,2019,2512922.072,5,NY
ED,2020,2383907.4200000004,5,NY
ED,2021,2481022.192,5,NY
ED,2022,2515563.54,5,NY
ED,2023,2463230.61,5,NY
EIX,2010,2354691.724,1,CA
EIX,2011,1801629.872,1,CA
EIX,2012,2544125.872,1,CA
EIX,2013,2130559.204,1,CA
EIX,2014,2404249.192,1,CA
EIX,2015,2275937.668,1,CA
EIX,2016,1942391.9,1,CA
EIX,2017,1629079.864,1,CA
EIX,2018,820933.76,1,CA
EIX,2019,1216417.044,1,CA
EIX,2020,1154108.472,1,CA
EIX,2021,824124.196,1,CA
EIX,2022,1495603.756,1,CA
EIX,2023,1056295.236,1,CA
EMN,2010,6931860.500000001,7,TX
EMN,2011,7410420.392,7,TX
EMN,2012,7316770.162,7,TX
EMN,2013,7522194.734000001,7,TX
EMN,2014,7422748.988000001,7,TX
EMN,2015,7425040.628,7,TX
EMN,2016,7216229.858,7,TX
EMN,2017,6532215.017999999,7,TX
EMN,2018,6530652.646,7,TX
EMN,2019,6300813.676,7,TX
EMN,2020,6165124.2360000005,7,TX
EMN,2021,6272874.63,7,TX
EMN,2022,6091691.906653875,7,TX
EMN,2023,6094463.184,7,TX
EOG,2010,67.952,2,TX
EOG,2011,322118.568,3,TX
EOG,2012,487178.20399999997,5,TX
EOG,2013,515226.59599999996,7,TX
EOG,2014,523182.446,8,TX
EOG,2015,471922.99,9,TX
EOG,2016,410481.50800000003,6,TX
EOG,2017,454963.36,7,TX
EOG,2018,412529.76399999997,7,TX
EOG,2019,470711.714,7,TX
EOG,2020,367608.864,7,TX
EOG,2021,356756.498,7,TX
EOG,2022,345242.062,7,TX
EOG,2023,318787.588,7,TX
ETR,2010,18466567.562,18,LA
ETR,2011,18792195.05,18,LA
ETR,2012,19928355.2,18,LA
ETR,2013,18975827.724,18,LA
ETR,2014,20747152.074,18,LA
ETR,2015,26913399.882,18,LA
ETR,2016,27340456.218000002,18,LA
ETR,2017,23964547.796,18,LA
ETR,2018,26255598.286000002,18,LA
ETR,2019,27479912.622,19,LA
ETR,2020,29135687.384,23,LA
ETR,2021,28757473.778,23,LA
ETR,2022,32548866.098,23,LA
ETR,2023,32420498.6,23,LA
EVRG,2010,32841511.218000002,10,KS
EVRG,2011,32407766.558,10,KS
EVRG,2012,29933689.684,10,KS
EVRG,2013,31231541.598,10,KS
EVRG,2014,28780355.406000003,11,KS
EVRG,2015,26848698.778,11,KS
EVRG,2016,25282764.748,11,KS
EVRG,2017,22055064.018,10,KS
EVRG,2018,22376405.378,11,KS
EVRG,2019,20022656.7,11,KS
EVRG,2020,18520696.77,11,KS
EVRG,2021,20475596.296,11,KS
EVRG,2022,22674229.544,11,KS
EVRG,2023,18985301.404,11,KS
F,2010,580313.4339395,10,MI
F,2011,587230.6226248188,10,MI
F,2012,561382.5616492034,10,MI
F,2013,651788.688,10,MI
F,2014,703770.99,10,MI
F,2015,649913.218,10,MI
F,2016,620613.9199999999,10,MI
F,2017,595612.098,10,MI
F,2018,640823.936,10,MI
F,2019,624988.096,10,MI
F,2020,481112.43799999997,10,MI
F,2021,499182.316,10,MI
F,2022,559602.738,10,MI
F,2023,497625.124,10,MI
FCX,2010,168263.36800000002,3,AZ
FCX,2011,194981.53399999999,4,AZ
FCX,2012,157479.144,4,AZ
FCX,2013,174022.486,4,AZ
FCX,2014,174049.788,4,AZ
FCX,2015,172971.186,4,AZ
FCX,2016,173174.73599999998,4,AZ
FCX,2017,168284.896,4,AZ
FCX,2018,210610.43800000002,4,AZ
FCX,2019,201481.66999999998,3,AZ
FCX,2020,207870.466,3,AZ
FCX,2021,213868.938,3,AZ
FCX,2022,232194.86800000002,3,AZ
FCX,2023,260273.666,4,AZ
FE,2010,17606186.694,2,WV
FE,2011,16800783.538000003,2,WV
FE,2012,14536259.605999999,2,WV
FE,2013,18648607.724,2,WV
FE,2014,17583285.582000002,2,WV
FE,2015,17138422.016,2,WV
FE,2016,18245669.211999997,2,WV
FE,2017,18001579.714,2,WV
FE,2018,17636737.774,2,WV
FE,2019,17935528.060000002,2,WV
FE,2020,14519278.9,2,WV
FE,2021,15785373.578,2,WV
FE,2022,16531456.942,2,WV
FE,2023,15258135.972,2,WV
GE,2010,3222467.484,10,OR
GE,2011,1888690.342,10,OR
GE,2012,2422640.134,11,OR
GE,2013,2772028.726,12,OR
GE,2014,2620437.909,12,OR
GE,2015,3201374.516,12,OR
GE,2016,3919952.041,13,OR
GE,2017,3735729.478,13,OR
GE,2018,4202991.657,13,OR
GE,2019,4499876.356000001,13,OR
GE,2020,4177739.181,13,OR
GE,2021,4767807.75494,13,OR
GE,2022,4757966.57429,13,OR
GE,2023,5750599.7248,13,OR
GIS,2010,69661.64,2,GA
GIS,2011,70286.33600000001,2,GA
GIS,2012,66557.046,2,GA
GIS,2013,64307.66,2,GA
GIS,2014,65523.694,2,GA
GIS,2015,61049.762,2,GA
GIS,2016,63196.104,2,GA
GIS,2017,42747.24,2,GA
GIS,2018,68812.338,2,GA
GIS,2019,69235.988,2,GA
GIS,2020,82544.862,2,GA
GIS,2021,73949.576,2,GA
GIS,2022,79095.032,2,GA
GIS,2023,70688.598,2,GA
GLW,2010,508047.566,11,TX
GLW,2011,576333.2660000001,13,NY
GLW,2012,570847.064,13,NY
GLW,2013,583632.388,14,NY
GLW,2014,618599.9839999999,14,NY
GLW,2015,632555.572,14,NY
GLW,2016,580296.71,14,NY
GLW,2017,628513.21,15,NY
GLW,2018,678705.952,16,MO
GLW,2019,678142.5380000001,16,MO
GLW,2020,619320.478,16,MO
GLW,2021,695209.8420000001,16,MO
GLW,2022,692168.998,16,MO
GLW,2023,632382.226,16,MO
GM,2010,771853.704,11,MI
GM,2011,836510.19,12,MI
GM,2012,820247.64,13,MI
GM,2013,883562.158,14,MI
GM,2014,826577.5800000001,14,MI
GM,2015,723309.418,14,MI
GM,2016,746779.682,14,MI
GM,2017,680819.38,14,MI
GM,2018,618433.896,14,MI
GM,2019,629765.532,14,MI
GM,2020,512197.86,13,MI
GM,2021,529888.632,13,MI
GM,2022,567991.594,14,MI
GM,2023,572170.952,14,MI
GOOGL,2013,12783.104,1,CA
GOOGL,2014,46570.276,1,CA
GOOGL,2015,69269.444,1,CA
GOOGL,2016,72840.576,1,CA
GOOGL,2017,69215.64,1,CA
GOOGL,2018,77052.364,1,CA
GOOGL,2019,71147.636,1,CA
GOOGL,2020,80345.552,1,CA
GOOGL,2021,74613.772,1,CA
GOOGL,2022,47997.772,1,CA
GOOGL,2023,56418.04,1,CA
GS,2010,52875.612,1,SC
GS,2011,46650.524,1,SC
GS,2012,51781.204,1,SC
GS,2013,50418.76,1,SC
GS,2014,58924.728,1,SC
GS,2015,52337.252,1,SC
GS,2016,56091.288,1,SC
GS,2017,57140.384,1,SC
GS,2018,55489.492,1,SC
GS,2019,55389.392,1,SC
GS,2020,47816.12,1,SC
GS,2021,44415.832,1,SC
GS,2022,52871.8,1,SC
GS,2023,52140.304,1,SC
HAL,2010,79211.61,2,SD
HAL,2011,88479.44399999999,2,SD
HAL,2012,77902.63,2,SD
HAL,2013,69981.696,2,SD
HAL,2014,75312.274,2,SD
HAL,2015,63886.644,2,SD
HAL,2016,71599.6,2,SD
HAL,2017,66728.082,2,SD
HAL,2018,75304.032,2,SD
HAL,2019,79441.89600000001,2,SD
HAL,2020,69794.658,2,SD
HAL,2021,63723.246,2,SD
HAL,2022,49752.126000000004,2,SD
HAL,2023,53414.518,2,SD
HII,2010,78581.89,1,VA
HII,2011,83109.55,1,VA
HII,2012,125807.292,1,VA
HII,2013,96635.332,1,VA
HII,2014,78425.344,1,VA
HII,2015,81128.738,1,VA
HII,2016,94228.806,1,VA
HII,2017,55416.744,1,VA
HII,2018,57499.79,1,VA
HII,2019,55379.852,1,VA
HII,2020,58398.06,1,VA
HII,2021,83062.38,1,VA
HII,2022,71823.93,1,VA
HII,2023,49706.726,1,VA
HON,2010,4115952.212,5,LA
HON,2011,3951949.845,7,LA
HON,2012,3302227.3115,7,LA
HON,2013,1160352.3728042,7,LA
HON,2014,1068180.8140999998,7,LA
HON,2015,990892.4294171,7,LA
HON,2016,670274.3458,7,LA
HON,2017,741415.402397,7,LA
HON,2018,867026.5419,7,LA
HON,2019,757095.4513,8,LA
HON,2020,723723.2355000001,8,LA
HON,2021,713795.3591969999,8,LA
HON,2022,582799.3261000001,8,LA
HON,2023,381602.9292,8,LA
HRL,2010,43497.15,1,MN
HRL,2011,46090.5,1,MN
HRL,2012,50597.384,1,MN
HRL,2013,53930.224,1,MN
HRL,2014,54946.27,1,MN
HRL,2015,54102.084,1,MN
HRL,2016,53933.296,1,MN
HRL,2017,50996.008,1,MN
HRL,2018,50575.06,1,MN
HRL,2019,61277.02,1,MN
HRL,2020,58895.028,1,MN
HRL,2021,65120.704,1,MN
HRL,2022,60619.372,1,MN
HRL,2023,58585.68,1,MN
HWM,2010,66769.24,1,OH
HWM,2011,71795.19,1,OH
HWM,2012,69260.84,1,OH
HWM,2013,71576.64,1,OH
HWM,2014,105021.61,2,CA
HWM,2015,104510.412,2,CA
HWM,2016,133016.85199999998,3,OH
HWM,2017,138043.884,3,OH
HWM,2018,145362.306,3,OH
HWM,2019,142704.96600000001,3,OH
HWM,2020,121121.35,3,OH
HWM,2021,111014.58600000001,3,OH
HWM,2022,116969.462,3,OH
HWM,2023,124137.59400000001,3,OH
IFF,2010,331910.854,6,DE
IFF,2011,349753.97,6,DE
IFF,2012,344528.442,6,DE
IFF,2013,369997.57,7,DE
IFF,2014,369447.154,7,DE
IFF,2015,355697.27,7,DE
IFF,2016,344008.774,7,DE
IFF,2017,372075.66,7,DE
IFF,2018,370277.012,7,DE
IFF,2019,367392.438,7,DE
IFF,2020,398059.342,7,DE
IFF,2021,414732.596,7,DE
IFF,2022,378029.132,7,DE
IFF,2023,307088.216,7,DE
INTC,2010,102560.916,3,AZ
INTC,2011,627525.4661074,4,OR
INTC,2012,603217.7080578,4,OR
INTC,2013,481043.5223564,4,OR
INTC,2014,799662.6904386,4,OR
INTC,2015,748047.4808189,4,OR
INTC,2016,698709.6433384,4,OR
INTC,2017,659284.670225,4,OR
INTC,2018,802451.5330354,4,OR
INTC,2019,779424.5337050001,4,OR
INTC,2020,1025057.805648,4,OR
INTC,2021,1188170.0674963,4,OR
INTC,2022,994834.6363107,4,OR
INTC,2023,790767.5444783,4,OR
IP,2010,5707517.798,22,AL
IP,2011,6622487.812,26,AL
IP,2012,6594806.954,27,AL
IP,2013,5938442.354,27,AL
IP,2014,5519180.596,27,AL
IP,2015,5736455.44,28,AL
IP,2016,5323939.772,28,AL
IP,2017,5204114.336,28,AL
IP,2018,5222694.536,28,AL
IP,2019,5341526.662,28,AL
IP,2020,5510188.134,28,AL
IP,2021,5711665.254,28,AL
IP,2022,5396214.598,28,AL
IP,2023,5404387.698,28,AL
ITW,2010,26522.228,1,TX
ITW,2011,27500.75,1,TX
ITW,2012,25753.32,1,TX
ITW,2013,25910.816,1,TX
ITW,2014,25797.582,1,TX
ITW,2015,26183.71,1,TX
ITW,2016,27500.34,1,TX
ITW,2017,31759.836,1,TX
ITW,2018,19562.676,1,TX
ITW,2019,18579.68,1,TX
ITW,2020,27291.048,1,TX
ITW,2021,24764.656,1,TX
ITW,2022,50999.908,1,TX
ITW,2023,35815.816,1,TX
KMB,2010,1270692.92,8,AL
KMB,2011,1262481.392,8,AL
KMB,2012,1318830.508,8,AL
KMB,2013,1127276.862,8,AL
KMB,2014,1207199.032,8,AL
KMB,2015,1197543.176,8,AL
KMB,2016,1140815.588,8,AL
KMB,2017,1085990.528,8,AL
KMB,2018,1008382.714,8,AL
KMB,2019,1055676.862,8,AL
KMB,2020,1037284.9539999999,8,AL
KMB,2021,1055658.44,8,AL
KMB,2022,1096577.776,8,AL
KMB,2023,1030421.2660000001,8,AL
KMI,2010,3684322.174,67,TX
KMI,2011,5648804.448,86,TX
KMI,2012,5915606.55,104,TX
KMI,2013,6386533.118,109,TX
KMI,2014,6954173.376,123,TX
KMI,2015,7380668.904,127,TX
KMI,2016,7489749.432,132,TX
KMI,2017,7661444.104,135,TX
KMI,2018,7938745.74,138,TX
KMI,2019,9274642.898,155,TX
KMI,2020,8797578.434,165,TX
KMI,2021,9442313.532,173,TX
KMI,2022,9332402.15,173,TX
KMI,2023,9841200.2,176,TX
L,2010,1025642.736,16,LA
L,2011,1879615.754,27,LA
L,2012,2028730.1400000001,28,LA
L,2013,1969570.266,29,LA
L,2014,1629021.568,29,LA
L,2015,1619584.618,32,LA
L,2016,1486621.776,31,LA
L,2017,2003009.802,34,LA
L,2018,2385862.406,35,LA
L,2019,2473113.1319999998,36,LA
L,2020,2270029.342,38,LA
L,2021,2236600.176,39,LA
L,2022,1985244.204,40,LA
L,2023,1937140.466,41,LA
LIN,2010,3275984.934,11,TX
LIN,2011,3911731.916,12,TX
LIN,2012,3930796.8,12,TX
LIN,2013,4866192.802,14,TX
LIN,2014,6574294.284,14,TX
LIN,2015,6561178.224,15,TX
LIN,2016,6616390.168,15,TX
LIN,2017,7061897.392,15,TX
LIN,2018,6723157.228,15,TX
LIN,2019,6575903.56,15,TX
LIN,2020,6712352.524,17,TX
LIN,2021,8001995.164,18,TX
LIN,2022,8392022.744,18,TX
LIN,2023,8787322.32,18,TX
LLY,2010,24387.246,1,PR
LLY,2011,24287.596,1,PR
LLY,2012,24612.544,1,PR
LLY,2013,24766.89,1,PR
LLY,2014,23489.61,1,PR
LLY,2015,22933.956,1,PR
LLY,2016,27050.74,1,PR
LLY,2017,24884.628,1,PR
LLY,2018,24944.126,1,PR
LLY,2019,24082.844,1,PR
LLY,2020,23322.406,1,PR
LLY,2021,22454.672,1,PR
LLY,2022,40251.998,1,PR
LLY,2023,47574.076,1,PR
LMT,2010,78601.89,2,CT
LMT,2011,78084.07800000001,2,CT
LMT,2012,89369.256,2,CT
LMT,2013,91950.842,2,CT
LMT,2014,95263.06599999999,2,CT
LMT,2015,92578.796,2,CT
LMT,2016,93220.48999999999,2,CT
LMT,2017,96419.378,2,CT
LMT,2018,100602.144,2,CT
LMT,2019,95248.234,2,CT
LMT,2020,91957.702,2,CT
LMT,2021,95961.586,2,CT
LMT,2022,102743.324,2,CT
LMT,2023,95794.13399999999,2,CT
LNT,2010,27760827.38,13,IA
LNT,2011,26503314.302,13,IA
LNT,2012,23804944.536000002,13,IA
LNT,2013,23481105.802,13,IA
LNT,2014,20594282.759999998,13,IA
LNT,2015,20143785.327999998,12,IA
LNT,2016,19236295.844,12,IA
LNT,2017,22883296.382,12,IA
LNT,2018,22881170.126000002,13,IA
LNT,2019,18311252.958,13,IA
LNT,2020,15472436.684,13,IA
LNT,2021,19849811.792,13,IA
LNT,2022,15256145.156,13,IA
LNT,2023,15518985.896,13,IA
LW,2010,327615.566,8,WA
LW,2011,352748.396,8,WA
LW,2012,368430.204,8,WA
LW,2013,362452.226,8,WA
LW,2014,368040.998,8,WA
LW,2015,372611.192,8,WA
LW,2016,395843.1,9,WA
LW,2017,400532.012,9,WA
LW,2018,404825.768,9,WA
LW,2019,441883.514,8,OR
LW,2020,442145.844,9,WA
LW,2021,429538.096,9,WA
LW,2022,448432.422,9,WA
LW,2023,413668.974,9,WA
LYB,2010,6882386.636,11,TX
LYB,2011,6893204.36,11,TX
LYB,2012,7206164.762,11,TX
LYB,2013,7407613.9180000005,11,TX
LYB,2014,7371575.686,11,TX
LYB,2015,8165488.948,11,TX
LYB,2016,7143805.421999999,11,TX
LYB,2017,7426263.002,11,TX
LYB,2018,7828521.822,11,TX
LYB,2019,8031832.626,11,TX
LYB,2020,7701456.4399999995,11,TX
LYB,2021,7838733.862,11,TX
LYB,2022,7703086.01,11,TX
LYB,2023,8041139.808,11,TX
MCHP,2011,581027.552439,3,AZ
MCHP,2012,413025.62269,3,AZ
MCHP,2013,370520.974692,3,AZ
MCHP,2014,509948.61460900004,3,AZ
MCHP,2015,445828.412424,3,AZ
MCHP,2016,420764.918142,3,AZ
MCHP,2017,476257.21741599997,3,AZ
MCHP,2018,504024.011773,3,AZ
MCHP,2019,408359.470611,3,AZ
MCHP,2020,329470.869183,3,AZ
MCHP,2021,407320.122309,3,AZ
MCHP,2022,417897.536461,3,AZ
MCHP,2023,472938.201976,3,AZ
MGM,2010,129746.92,1,NV
MGM,2011,130887.856,1,NV
MGM,2012,127726.768,1,NV
MGM,2013,133938.396,1,NV
MGM,2014,130349.06,1,NV
MGM,2015,132200.352,1,NV
MGM,2016,134521.544,1,NV
MGM,2017,128442.916,1,NV
MGM,2018,130246.06,1,NV
MGM,2019,138028.88,1,NV
MGM,2020,100925.82,1,NV
MGM,2021,112944.124,1,NV
MGM,2022,113633.872,1,NV
MGM,2023,110103.336,1,NV
MHK,2010,284529.916,6,GA
MHK,2011,285092.98600000003,6,GA
MHK,2012,285503.272,6,GA
MHK,2013,309649.8,6,GA
MHK,2014,317746.872,6,GA
MHK,2015,332769.206,6,GA
MHK,2016,337465.83400000003,6,GA
MHK,2017,386947.544,7,GA
MHK,2018,330331.792,7,GA
MHK,2019,322082.788,7,GA
MHK,2020,318280.352,7,GA
MHK,2021,333019.592,7,GA
MHK,2022,297304.432,7,GA
MHK,2023,292597.1,7,GA
MLM,2010,2902921.352,4,TX
MLM,2011,2704531.58,4,TX
MLM,2012,2997768.786,4,TX
MLM,2013,4115760.126,4,TX
MLM,2014,4221740.582,4,TX
MLM,2015,3750714.462,4,TX
MLM,2016,3858006.2,4,TX
MLM,2017,3729108.1440000003,4,TX
MLM,2018,3763179.79,4,TX
MLM,2019,3939577.8740000003,4,TX
MLM,2020,3928503.108,4,TX
MLM,2021,4170425.2,4,TX
MLM,2022,4009757.346,4,TX
MLM,2023,3999044.162,4,TX
MMM,2010,390399.0,10,MN
MMM,2011,1780004.39132115,10,MN
MMM,2012,1850376.9949,10,MN
MMM,2013,2682999.5358,10,MN
MMM,2014,1626223.37872,10,MN
MMM,2015,1244911.933834,10,MN
MMM,2016,1041918.94496,10,MN
MMM,2017,1071428.590372,10,MN
MMM,2018,1166836.6044039999,11,MN
MMM,2019,1212019.355115,11,MN
MMM,2020,1066631.228309,11,MN
MMM,2021,1113367.274187,11,MN
MMM,2022,1034537.637396,11,MN
MMM,2023,1007143.688924,11,MN
MO,2010,183880.04200000002,2,VA
MO,2011,198994.628,2,VA
MO,2012,221464.74200000003,2,VA
MO,2013,203190.30800000002,2,VA
MO,2014,120870.83,2,VA
MO,2015,110805.636,2,VA
MO,2016,93323.6,2,VA
MO,2017,91422.356,2,VA
MO,2018,92514.75200000001,2,VA
MO,2019,87832.068,2,VA
MO,2020,76442.01000000001,2,VA
MO,2021,75328.216,2,VA
MO,2022,72567.758,2,VA
MO,2023,66467.196,2,VA
MPC,2010,26920850.944,16,CA
MPC,2011,28005496.226,19,CA
MPC,2012,28183145.172,19,CA
MPC,2013,28234498.788,19,CA
MPC,2014,30743963.3,21,ND
MPC,2015,30407483.65,21,ND
MPC,2016,30930483.208,22,ND
MPC,2017,30918600.244,22,ND
MPC,2018,30879745.148,22,ND
MPC,2019,31314911.63,22,ND
MPC,2020,26982311.744,22,ND
MPC,2021,27646298.13,22,ND
MPC,2022,28850572.412,22,ND
MPC,2023,28465167.048,22,ND
MRK,2010,383703.75,3,NJ
MRK,2011,417766.254,3,NJ
MRK,2012,410315.332,3,NJ
MRK,2013,424367.51,3,NJ
MRK,2014,421291.544,3,NJ
MRK,2015,398961.05799999996,3,NJ
MRK,2016,359855.176,3,NJ
MRK,2017,356362.43799999997,3,NJ
MRK,2018,387918.212,3,NJ
MRK,2019,368932.926,3,NJ
MRK,2020,365666.32,3,NJ
MRK,2021,373974.924,3,NJ
MRK,2022,374799.248,3,NJ
MRK,2023,365529.704,3,NJ
MU,2010,33715.372,1,ID
MU,2011,404837.8697922,2,ID
MU,2012,392888.3489883,2,ID
MU,2013,391160.2016457,2,ID
MU,2014,304312.0682204,2,ID
MU,2015,351831.1378391,2,ID
MU,2016,370390.09831080004,2,ID
MU,2017,333890.1463713,2,ID
MU,2018,370552.6789213,2,ID
MU,2019,320805.6882669,2,ID
MU,2020,335820.1066992,2,ID
MU,2021,311443.0330268,2,ID
MU,2022,325147.6245568,2,ID
MU,2023,303884.3484487,2,ID
NEE,2010,41725271.104,17,FL
NEE,2011,39556880.268,17,FL
NEE,2012,40132090.316,17,FL
NEE,2013,36737221.446,17,FL
NEE,2014,38896715.708,17,FL
NEE,2015,41591387.562,17,FL
NEE,2016,39611336.682,17,FL
NEE,2017,39928764.12,17,FL
NEE,2018,40469265.176,17,FL
NEE,2019,39884103.406,18,FL
NEE,2020,39143181.06,18,FL
NEE,2021,37402116.184,18,FL
NEE,2022,38865849.152,18,FL
NEE,2023,40497897.718,18,FL
NEM,2010,1586735.462,2,NV
NEM,2011,1599103.1160000002,2,NV
NEM,2012,1429076.942,2,NV
NEM,2013,1705701.12,2,NV
NEM,2014,1607922.266,2,NV
NEM,2015,1196928.4679999999,2,NV
NEM,2016,1211787.47,2,NV
NEM,2017,1310331.372,2,NV
NEM,2018,1402362.4300000002,2,NV
NEM,2019,1430642.4279999998,2,NV
NEM,2020,1513968.59,2,NV
NEM,2021,1766518.3599999999,2,NV
NEM,2022,1678632.138,2,NV
NEM,2023,1393004.114,2,NV
NI,2010,13684556.196,3,IN
NI,2011,12499295.046,3,IN
NI,2012,10446558.086,3,IN
NI,2013,11549376.736,3,IN
NI,2014,12274931.726,3,IN
NI,2015,9229340.936,3,IN
NI,2016,8584842.136,3,IN
NI,2017,8639516.018,3,IN
NI,2018,11343539.878,3,IN
NI,2019,9246535.118,3,IN
NI,2020,6332965.464,3,IN
NI,2021,7225515.3040000005,3,IN
NI,2022,5429819.056,3,IN
NI,2023,4456754.266,3,IN
NOC,2010,75800.88,2,UT
NOC,2011,67908.302,2,UT
NOC,2012,69612.906,2,UT
NOC,2013,74231.658,2,UT
NOC,2014,71617.912,2,UT
NOC,2015,52084.31,2,UT
NOC,2016,64879.568,2,UT
NOC,2017,69278.02799999999,2,UT
NOC,2018,70610.63,2,UT
NOC,2019,74807.20199999999,2,UT
NOC,2020,76084.40400000001,2,UT
NOC,2021,99352.47,3,CA
NOC,2022,102901.802,3,CA
NOC,2023,110192.27799999999,3,CA
NRG,2010,57416424.166,14,TX
NRG,2011,59987474.807000004,14,TX
NRG,2012,50479255.677,14,TX
NRG,2013,54315513.893,14,TX
NRG,2014,51236050.399000004,14,TX
NRG,2015,45085073.044,14,TX
NRG,2016,35192191.925,14,TX
NRG,2017,36104016.852,14,TX
NRG,2018,34630912.158,14,TX
NRG,2019,30604658.687,14,TX
NRG,2020,22729880.604,14,TX
NRG,2021,30935770.066,14,TX
NRG,2022,32495990.204,14,TX
NRG,2023,22723329.304,14,TX
NUE,2010,3842719.494,19,AL
NUE,2011,4110644.4560000002,19,AL
NUE,2012,4215081.856,19,AL
NUE,2013,3972718.532,19,AL
NUE,2014,4398927.45,20,AL
NUE,2015,4375970.432,20,AL
NUE,2016,5176878.584,21,AL
NUE,2017,5033658.626,21,AL
NUE,2018,5713766.014,22,AL
NUE,2019,5499054.414,22,AL
NUE,2020,5568894.762,23,AL
NUE,2021,5681066.0,24,AL
NUE,2022,5178040.152,24,AL
NUE,2023,5386353.79,25,AL
NXPI,2011,79380.570206,1,TX
NXPI,2012,71019.4982213,1,TX
NXPI,2013,80167.2379222,1,TX
NXPI,2014,99365.650139,1,TX
NXPI,2015,88105.325742,1,TX
NXPI,2016,98168.201802,1,TX
NXPI,2017,94837.1051831,1,TX
NXPI,2018,96619.089981,1,TX
NXPI,2019,72079.054845,1,TX
NXPI,2020,60162.2241617,1,TX
NXPI,2021,70161.1074116,1,TX
NXPI,2022,86401.168118,1,TX
NXPI,2023,77528.052339,1,TX
ODFL,2010,6840601.1219999995,3,VA
ODFL,2011,5430916.024,3,VA
ODFL,2012,4588269.54,3,VA
ODFL,2013,6101320.28,3,VA
ODFL,2014,6032124.742000001,3,VA
ODFL,2015,6084344.874,3,VA
ODFL,2016,6039018.306,3,VA
ODFL,2017,3817437.1339999996,3,VA
ODFL,2018,5148351.966,4,VA
ODFL,2019,3289223.37,4,VA
ODFL,2020,2971750.94,4,VA
ODFL,2021,2926826.298,4,VA
ODFL,2022,2519261.022,4,VA
ODFL,2023,2222066.1799999997,4,VA
OKE,2010,692054.9920000001,8,OK
OKE,2011,899714.22,9,OK
OKE,2012,1046267.464,10,OK
OKE,2013,1195063.7179999999,11,ND
OKE,2014,1225581.958,14,OK
OKE,2015,1372117.186,14,OK
OKE,2016,1343066.738,16,ND
OKE,2017,1567416.582,16,ND
OKE,2018,1669676.842,16,ND
OKE,2019,1845483.2480000001,19,ND
OKE,2020,1861841.0380000002,21,ND
OKE,2021,1871971.142,21,ND
OKE,2022,1876253.436,22,ND
OKE,2023,2049708.196,24,ND
OXY,2010,6745353.382,24,TX
OXY,2011,7251183.978,25,TX
OXY,2012,7510473.126,25,TX
OXY,2013,7320736.764,26,TX
OXY,2014,7390778.600000001,26,TX
OXY,2015,7237117.526,27,TX
OXY,2016,7509361.176,28,TX
OXY,2017,7492100.4520000005,28,TX
OXY,2018,7434803.034,28,TX
OXY,2019,8121255.376,28,TX
OXY,2020,7648135.176,28,TX
OXY,2021,6903491.154,28,TX
OXY,2022,7707099.992,29,TX
OXY,2023,7755373.004000001,29,TX
PCG,2010,1881516.0535483137,8,CA
PCG,2011,2288634.688245328,9,CA
PCG,2012,2805348.108,10,CA
PCG,2013,2682252.35,10,CA
PCG,2014,2733222.142,10,CA
PCG,2015,3227203.702,10,CA
PCG,2016,2539607.69,10,CA
PCG,2017,2539674.482,10,CA
PCG,2018,2798110.252,10,CA
PCG,2019,2818268.232,10,CA
PCG,2020,2853553.7539999997,10,CA
PCG,2021,2792361.336,10,CA
PCG,2022,2440538.582,10,CA
PCG,2023,2923279.1920000003,10,CA
PEG,2022,188.7,1,NJ
PEG,2023,146.3,1,NJ
PEP,2010,237385.49599999998,5,CA
PEP,2011,253054.158,6,CA
PEP,2012,235920.954,6,CA
PEP,2013,235039.24,6,CA
PEP,2014,242903.236,6,CA
PEP,2015,242571.438,6,CA
PEP,2016,268014.424,7,CA
PEP,2017,235006.73,7,CA
PEP,2018,249714.712,7,CA
PEP,2019,252891.796,7,CA
PEP,2020,304386.104,9,CA
PEP,2021,331177.20399999997,10,CA
PEP,2022,321750.288,10,CA
PEP,2023,317942.602,10,CA
PFE,2010,310940.71400000004,3,CT
PFE,2011,303342.322,3,CT
PFE,2012,259586.99800000002,3,CT
PFE,2013,256304.152,3,CT
PFE,2014,262071.252,3,CT
PFE,2015,273322.656,3,CT
PFE,2016,242049.494,3,CT
PFE,2017,239173.396,3,CT
PFE,2018,249070.26799999998,3,CT
PFE,2019,252419.188,3,CT
PFE,2020,250188.172,3,CT
PFE,2021,229600.13,3,CT
PFE,2022,233546.144,3,CT
PFE,2023,225796.41,3,CT
PG,2010,1838595.04,7,CA
PG,2011,1890243.69,8,CA
PG,2012,1769599.672,8,CA
PG,2013,1857483.9000000001,8,CA
PG,2014,1869659.716,9,CA
PG,2015,1822953.222,9,CA
PG,2016,1683797.212,9,CA
PG,2017,1716948.93,9,CA
PG,2018,1750174.966,9,CA
PG,2019,1775259.6940000001,10,OH
PG,2020,1857717.774,10,OH
PG,2021,1781503.81,9,OH
PG,2022,1740561.506,10,OH
PG,2023,1676103.744,10,OH
PNW,2010,9786732.26,6,AZ
PNW,2011,10221941.474,6,AZ
PNW,2012,10739590.66,6,AZ
PNW,2013,10021383.332,6,AZ
PNW,2014,9874410.012,6,AZ
PNW,2015,9064855.798,6,AZ
PNW,2016,6284055.1559999995,6,AZ
PNW,2017,7820201.726,6,AZ
PNW,2018,7585388.825999999,6,AZ
PNW,2019,7024717.628,6,AZ
PNW,2020,8301396.802,6,AZ
PNW,2021,6289766.757999999,6,AZ
PNW,2022,6354808.421999999,6,AZ
PNW,2023,5905134.813999999,6,AZ
PPG,2010,107859.26000000001,2,CA
PPG,2011,113787.30600000001,2,CA
PPG,2012,108379.424,2,CA
PPG,2013,206789.88799999998,3,CA
PPG,2014,221690.552,3,CA
PPG,2015,214357.228,3,CA
PPG,2016,112494.76800000001,2,LA
PPG,2017,161061.13,2,LA
PPG,2018,136937.66999999998,2,LA
PPG,2019,145589.982,2,LA
PPG,2020,91902.706,2,LA
PPG,2021,101330.31,2,LA
PPG,2022,109908.678,2,LA
PPG,2023,198602.998,3,CA
PPL,2010,32610146.476,6,KY
PPL,2011,33916124.254,6,KY
PPL,2012,32469312.886,6,KY
PPL,2013,33844146.344,6,KY
PPL,2014,33792724.414,6,KY
PPL,2015,31362261.082000002,6,KY
PPL,2016,30534361.242,6,KY
PPL,2017,30176881.825999998,6,KY
PPL,2018,31252571.294,6,KY
PPL,2019,28455340.83,6,KY
PPL,2020,26909049.474,6,KY
PPL,2021,28314375.756,6,KY
PPL,2022,28754130.992,6,KY
PPL,2023,26771409.22,6,KY
PSX,2010,25762097.278,39,TX
PSX,2011,27492123.549,40,TX
PSX,2012,27103070.865000002,40,TX
PSX,2013,27921481.216,41,TX
PSX,2014,28186725.978,42,TX
PSX,2015,29008211.53103,45,TX
PSX,2016,30808286.356,47,TX
PSX,2017,29584250.442,47,TX
PSX,2018,31091401.98,47,TX
PSX,2019,31965008.368,48,TX
PSX,2020,28795278.14,49,TX
PSX,2021,29662814.408,51,TX
PSX,2022,29380637.354,51,TX
PSX,2023,29290253.92,51,TX
QCOM,2010,26939.548,1,CA
QCOM,2011,27219.796,1,CA
QCOM,2012,28773.892,1,CA
QCOM,2013,51019.208,2,CA
QCOM,2014,58083.48,2,CA
QCOM,2015,59834.576,2,CA
QCOM,2016,66315.25200000001,2,CA
QCOM,2017,62195.164,2,CA
QCOM,2018,64571.856,2,CA
QCOM,2019,62144.22,2,CA
QCOM,2020,62487.216,2,CA
QCOM,2021,62333.664000000004,2,CA
QCOM,2022,61074.468,2,CA
QCOM,2023,48566.816,2,CA
RSG,2010,16060158.05975,170,TX
RSG,2011,14568672.49515,170,TX
RSG,2012,14027375.3195,170,TX
RSG,2013,12565784.368,172,TX
RSG,2014,12050235.214,171,TX
RSG,2015,11661283.53,171,TX
RSG,2016,10994714.74,172,TX
RSG,2017,10804978.806,173,TX
RSG,2018,10508051.488,174,TX
RSG,2019,11146071.968,175,TX
RSG,2020,10807786.086,175,TX
RSG,2021,10688525.72,177,TX
RSG,2022,10864346.808,177,TX
RSG,2023,10721712.294,177,TX
RTX,2010,181890.80800000002,3,CT
RTX,2011,154410.94199999998,3,CT
RTX,2012,172470.224,4,CT
RTX,2013,177697.612,4,CT
RTX,2014,146585.472,4,CT
RTX,2015,134238.364,4,CT
RTX,2016,138203.766,4,CT
RTX,2017,144300.93,4,CT
RTX,2018,160067.038,4,CT
RTX,2019,163595.928,4,CT
RTX,2020,156351.20799999998,4,CT
RTX,2021,173380.69,4,CT
RTX,2022,148676.422,4,CT
RTX,2023,172793.28999999998,4,CT
SO,2010,81985183.36,36,AL
SO,2011,71510993.9,42,AL
SO,2012,69159231.602,45,AL
SO,2013,69245877.724,45,AL
SO,2014,76807978.712,46,AL
SO,2015,73497690.212,48,AL
SO,2016,71168365.068,48,AL
SO,2017,68617536.727,47,AL
SO,2018,70431255.687,47,AL
SO,2019,69488351.24,47,AL
SO,2020,61651316.788,47,AL
SO,2021,62952277.609,47,AL
SO,2022,64640880.646,48,AL
SO,2023,62758846.596,48,AL
SRE,2010,2489862.772,4,CA
SRE,2011,2065351.5420000001,5,CA
SRE,2012,2242040.824,6,CA
SRE,2013,2670066.54,6,CA
SRE,2014,1773247.38,6,CA
SRE,2015,2197991.282,6,CA
SRE,2016,1568316.03,6,CA
SRE,2017,1608149.992,6,CA
SRE,2018,1582994.144,6,CA
SRE,2019,2070281.4980000001,7,CA
SRE,2020,4539440.948,8,CA
SRE,2021,4144405.1539999996,8,CA
SRE,2022,4463667.723999999,8,CA
SRE,2023,3952999.2699999996,8,CA
STLD,2010,1798570.344,7,IN
STLD,2011,1847495.1600000001,7,IN
STLD,2012,1877006.4759999998,7,IN
STLD,2013,2022064.038,7,IN
STLD,2014,2226324.562,7,IN
STLD,2015,1981032.072,7,IN
STLD,2016,2104040.172,7,IN
STLD,2017,2079460.524,7,IN
STLD,2018,2300322.628,9,IN
STLD,2019,2196141.732,9,IN
STLD,2020,2254623.4760000003,9,IN
STLD,2021,2318877.288,10,IN
STLD,2022,2529050.78,11,IN
STLD,2023,2569896.58,11,IN
SWKS,2011,34378.841,1,MA
SWKS,2012,43023.099,1,MA
SWKS,2013,38541.107,1,MA
SWKS,2014,36003.37,1,MA
SWKS,2015,39304.144,1,MA
SWKS,2016,39972.45,1,MA
SWKS,2017,44483.733985,1,MA
SWKS,2018,40508.017379,1,MA
SWKS,2019,33708.065182,1,MA
SWKS,2020,32848.104591,1,MA
SWKS,2021,42201.42397,1,MA
SWKS,2022,35693.24597,1,MA
SWKS,2023,24116.71997,1,MA
TAP,2010,920284.494,5,CO
TAP,2011,891554.754,5,CO
TAP,2012,832077.5900000001,5,CO
TAP,2013,704220.436,5,CO
TAP,2014,646099.348,5,CO
TAP,2015,540141.04,5,CO
TAP,2016,466439.326,5,CO
TAP,2017,399346.26999999996,5,CO
TAP,2018,378708.45200000005,5,CO
TAP,2019,371111.918,5,CO
TAP,2020,373280.848,5,CO
TAP,2021,347638.996,5,CO
TAP,2022,333961.374,5,CO
TAP,2023,339474.436,5,CO
TMO,2010,32319.12,1,NC
TMO,2011,35494.554,1,NC
TMO,2012,34818.206,1,NC
TMO,2013,34469.272,1,NC
TMO,2014,37422.728,1,NC
TMO,2015,38598.126,1,NC
TMO,2016,37152.536,1,NC
TMO,2017,38902.08,1,NC
TMO,2018,35895.198,1,NC
TMO,2019,36276.108,1,NC
TMO,2020,25749.852,1,NC
TMO,2021,26942.232,1,NC
TMO,2022,28940.316,1,NC
TMO,2023,28392.342,1,NC
TRGP,2010,1294465.522,15,TX
TRGP,2011,1717578.776,15,TX
TRGP,2012,1798866.972,15,TX
TRGP,2013,2145863.36,18,TX
TRGP,2014,2169233.126,19,TX
TRGP,2015,2346002.168,19,TX
TRGP,2016,2293488.072,18,TX
TRGP,2017,2402718.91,20,TX
TRGP,2018,2733139.086657743,23,TX
TRGP,2019,3205023.788469035,26,TX
TRGP,2020,3203974.913192721,29,TX
TRGP,2021,2739795.996933317,29,TX
TRGP,2022,2915192.579801952,29,TX
TRGP,2023,3358925.970596633,31,TX
TSLA,2013,28990.44,1,CA
TSLA,2014,30796.784,1,CA
TSLA,2015,33973.972,1,CA
TSLA,2016,27610.796,1,CA
TSLA,2017,22165.616,1,CA
TSLA,2018,22048.216,1,CA
TSLA,2019,23612.812,1,CA
TSLA,2020,28075.544,1,CA
TSLA,2021,40381.348,1,CA
TSLA,2022,45630.528,1,CA
TSLA,2023,80515.196,2,CA
TSN,2010,922606.844,22,AR
TSN,2011,1483587.218,28,AR
TSN,2012,1463700.976,28,AR
TSN,2013,1511634.85,28,AR
TSN,2014,1554400.886,28,AR
TSN,2015,1514162.262,28,AR
TSN,2016,1574423.042,28,AR
TSN,2017,1619026.66,30,AR
TSN,2018,1863858.768,32,AR
TSN,2019,1835359.778,32,AR
TSN,2020,1951980.286,33,AR
TSN,2021,1923290.668,33,AR
TSN,2022,1880822.458,33,AR
TSN,2023,1874907.486,34,AR
TXN,2010,49318.562,1,TX
TXN,2011,1188620.1665023,5,TX
TXN,2012,1089259.8273714,5,TX
TXN,2013,1131897.3158223,5,TX
TXN,2014,1259239.485172,5,TX
TXN,2015,1312810.3507699,5,TX
TXN,2016,1356852.3576476001,5,TX
TXN,2017,1411865.2290937,5,TX
TXN,2018,1377091.0415584,5,TX
TXN,2019,1296767.2939992,5,TX
TXN,2020,1156344.167437,5,TX
TXN,2021,1142553.5183359,5,TX
TXN,2022,1064891.4796763,5,TX
TXN,2023,1057774.335383,5,TX
TXT,2010,60615.738,2,KS
TXT,2011,56056.572,2,KS
TXT,2012,57710.418,2,KS
TXT,2013,63753.698000000004,2,KS
TXT,2014,37375.634,2,KS
TXT,2015,63389.054000000004,2,KS
TXT,2016,61356.729999999996,2,KS
TXT,2017,32536.086,2,KS
TXT,2018,43296.312,2,KS
TXT,2019,66576.724,2,KS
TXT,2020,58038.454,2,KS
TXT,2021,57192.82,2,KS
TXT,2022,59450.2,2,KS
TXT,2023,55579.572,2,KS
VLO,2010,23071681.61769393,26,TX
VLO,2011,23487260.815,26,TX
VLO,2012,23668416.99,26,TX
VLO,2013,23825895.533,25,TX
VLO,2014,23752607.395,26,TX
VLO,2015,23356458.518,26,TX
VLO,2016,23884205.316,26,TX
VLO,2017,23387536.552,26,TX
VLO,2018,24074566.062,26,TX
VLO,2019,23331047.576,26,TX
VLO,2020,21636469.9,26,TX
VLO,2021,22923347.604,26,TX
VLO,2022,23203054.344,27,TX
VLO,2023,23535216.552,27,TX
VST,2010,91309305.45199999,39,TX
VST,2011,96727658.814,39,TX
VST,2012,99041261.08,39,TX
VST,2013,98391933.878,39,TX
VST,2014,98355782.148,39,TX
VST,2015,93855275.748,39,TX
VST,2016,88141010.972,39,TX
VST,2017,85381247.02,39,TX
VST,2018,89261680.252,39,TX
VST,2019,87196705.346,39,TX
VST,2020,82693042.64999999,37,TX
VST,2021,87167455.42,39,TX
VST,2022,85964775.49,40,TX
VST,2023,86320993.138,40,TX
VTRS,2021,27448.03,1,PR
VTRS,2022,28221.464,1,PR
VTRS,2023,26031.806,1,PR
WAB,2010,58075.33,1,PA
WAB,2011,65138.704,1,PA
WAB,2012,62512.964,1,PA
WAB,2013,63194.712,1,PA
WAB,2014,65795.352,1,PA
WAB,2015,64083.108,1,PA
WAB,2016,57094.68,1,PA
WAB,2017,54630.544,1,PA
WAB,2018,61034.92,1,PA
WAB,2019,59700.076,1,PA
WAB,2020,56168.988,1,PA
WAB,2021,42422.54,1,PA
WAB,2022,40785.896,1,PA
WAB,2023,35202.768,1,PA
WEC,2010,18840320.186,14,WI
WEC,2011,20107768.976,14,WI
WEC,2012,16167948.071999999,14,WI
WEC,2013,18414047.728,15,WI
WEC,2014,20020893.400000002,15,WI
WEC,2015,21278292.864,15,WI
WEC,2016,20124105.740000002,15,WI
WEC,2017,21393881.074,14,WI
WEC,2018,22686499.466000002,15,WI
WEC,2019,21920989.758,17,WI
WEC,2020,20302023.694000002,17,WI
WEC,2021,22050258.568,17,WI
WEC,2022,19456459.914,17,WI
WEC,2023,19291885.63,17,WI
WM,2010,23918223.290856,251,CA
WM,2011,21099631.254618,253,CA
WM,2012,20458490.473534,257,CA
WM,2013,18925798.046,258,CA
WM,2014,18218716.38,260,CA
WM,2015,17133789.728,260,CA
WM,2016,15776194.686,261,CA
WM,2017,15707509.976,262,CA
WM,2018,16254209.564,263,CA
WM,2019,16815371.131773,264,CA
WM,2020,16606767.572,264,CA
WM,2021,15556879.702,265,CA
WM,2022,14811948.216226,265,CA
WM,2023,14429168.964,265,CA
WY,2011,24549.08,1,MT
WY,2012,30214.336,1,MT
WY,2013,28282.924,1,MT
WY,2014,35994.898,1,MT
WY,2015,36130.308,1,MT
WY,2016,36571.18,1,MT
WY,2017,34418.564,1,MT
WY,2018,35633.09,1,MT
WY,2019,35995.442,1,MT
WY,2020,33020.176,1,MT
WY,2021,35530.356,1,MT
WY,2022,36381.648,1,MT
WY,2023,41144.524,2,MT
XEL,2010,48308879.726,28,MN
XEL,2011,46410176.684,28,MN
XEL,2012,42497080.622,28,MN
XEL,2013,41551281.406,28,MN
XEL,2014,44991202.62,28,MN
XEL,2015,44143086.548,28,MN
XEL,2016,40719822.044,28,MN
XEL,2017,38363349.864,28,MN
XEL,2018,39212570.15,28,MN
XEL,2019,35854929.912,28,MN
XEL,2020,31729531.468,28,MN
XEL,2021,31504935.873999998,28,MN
XEL,2022,31651903.123999998,28,MN
XEL,2023,29218121.978,28,MN
XOM,2010,27329522.336,12,TX
XOM,2011,29703049.394,14,TX
XOM,2012,29812662.37,14,TX
XOM,2013,29029654.632,14,TX
XOM,2014,27242389.532,14,TX
XOM,2015,27581372.534,14,TX
XOM,2016,27872464.496,14,TX
XOM,2017,28122256.75,14,TX
XOM,2018,28777856.034,14,TX
XOM,2019,28472868.826,14,TX
XOM,2020,29513271.398000002,14,TX
XOM,2021,30415351.132,15,TX
XOM,2022,31164787.652000003,16,TX
XOM,2023,31157811.114,17,TX
