ticker,year,total_emissions,num_facilities,primary_state,cdp_scope_1,cdp_scope_2,scope_1_best,total_with_scope2
ABBV,2010,201087.658,2,IL,,,201087.658,201087.658
ABBV,2011,200835.466,2,IL,,,200835.466,200835.466
ABBV,2012,190351.388,2,IL,,,190351.388,190351.388
ABBV,2013,185917.646,2,IL,,,185917.646,185917.646
ABBV,2014,183275.246,2,IL,,,183275.246,183275.246
ABBV,2015,169719.19,2,IL,,,169719.19,169719.19
ABBV,2016,159491.92200000002,2,IL,,,159491.92200000002,159491.92200000002
ABBV,2017,148979.598,2,IL,,,148979.598,148979.598
ABBV,2018,154504.092,2,IL,,,154504.092,154504.092
ABBV,2019,154325.934,2,IL,,,154325.934,154325.934
ABBV,2020,128416.176,2,IL,,,128416.176,128416.176
ABBV,2021,128081.35,2,IL,,,128081.35,128081.35
ABBV,2022,106306.578,2,IL,,,106306.578,106306.578
ABBV,2023,99777.824,2,IL,,,99777.824,99777.824
ABT,2010,159571.602,3,AZ,,,159571.602,159571.602
ABT,2011,131450.556,3,AZ,838000.0,771000.0,131450.556,902450.556
ABT,2012,111117.596,3,AZ,834000.0,822000.0,111117.596,933117.596
ABT,2013,124024.532,3,AZ,470781.0,537821.0,124024.532,661845.532
ABT,2014,122319.248,3,AZ,,,122319.248,122319.248
ABT,2015,113605.568,3,AZ,,,113605.568,113605.568
ABT,2016,114673.316,3,AZ,,,114673.316,114673.316
ABT,2017,117778.608,3,AZ,,,117778.608,117778.608
ABT,2018,114188.668,3,AZ,,,114188.668,114188.668
ABT,2019,113542.672,3,AZ,,,113542.672,113542.672
ABT,2020,111891.528,3,AZ,,,111891.528,111891.528
ABT,2021,135897.736,4,AZ,,,135897.736,135897.736
ABT,2022,138440.828,4,AZ,,,138440.828,138440.828
ABT,2023,134386.892,4,AZ,,,134386.892,134386.892
ADI,2011,166937.0419,3,MA,,,166937.0419,166937.0419
ADI,2012,131527.345,3,MA,,,131527.345,131527.345
ADI,2013,142575.7536,3,MA,,,142575.7536,142575.7536
ADI,2014,104875.177616,3,MA,,,104875.177616,104875.177616
ADI,2015,101516.969716,3,MA,,,101516.969716,101516.969716
ADI,2016,106702.188537,3,MA,,,106702.188537,106702.188537
ADI,2017,100497.827925,3,MA,,,100497.827925,100497.827925
ADI,2018,116917.35128899998,3,MA,,,116917.35128899998,116917.35128899998
ADI,2019,107502.862001,3,MA,,,107502.862001,107502.862001
ADI,2020,120209.243229,3,MA,,,120209.243229,120209.243229
ADI,2021,125755.58882,3,MA,,,125755.58882,125755.58882
ADI,2022,137478.719763,3,MA,,,137478.719763,137478.719763
ADI,2023,117771.628108,3,MA,,,117771.628108,117771.628108
ADM,2010,11059742.25,12,IA,,,11059742.25,11059742.25
ADM,2011,11864361.838,12,IA,14809727.0,3852992.0,11864361.838,15717353.838
ADM,2012,12102467.826,14,IA,15431577.0,3885465.0,12102467.826,15987932.826
ADM,2013,11858633.37,14,IA,14832646.0,2820056.0,11858633.37,14678689.37
ADM,2014,12172823.6,14,IA,,,12172823.6,12172823.6
ADM,2015,11918933.204,16,IA,,,11918933.204,11918933.204
ADM,2016,11542075.272,16,IA,,,11542075.272,11542075.272
ADM,2017,11813335.827,16,IA,,,11813335.827,11813335.827
ADM,2018,11844715.47,16,IA,,,11844715.47,11844715.47
ADM,2019,11883748.856,17,IA,,,11883748.856,11883748.856
ADM,2020,10780502.382,17,IA,,,10780502.382,10780502.382
ADM,2021,11235810.822,18,IA,,,11235810.822,11235810.822
ADM,2022,11371895.922,18,IA,,,11371895.922,11371895.922
ADM,2023,10585367.606,18,IA,,,10585367.606,10585367.606
AEE,2010,36276990.976,11,MO,,,36276990.976,36276990.976
AEE,2011,37260492.02,11,MO,,,37260492.02,37260492.02
AEE,2012,30296483.712,11,MO,,,30296483.712,30296483.712
AEE,2013,29969822.632,11,MO,,,29969822.632,29969822.632
AEE,2014,30432530.624,11,MO,,,30432530.624,30432530.624
AEE,2015,28319298.842,11,MO,,,28319298.842,28319298.842
AEE,2016,26596742.244,11,MO,,,26596742.244,26596742.244
AEE,2017,29995757.76,11,MO,,,29995757.76,29995757.76
AEE,2018,29344947.722,11,MO,,,29344947.722,29344947.722
AEE,2019,24205850.4,11,MO,,,24205850.4,24205850.4
AEE,2020,25759240.166,11,MO,,,25759240.166,25759240.166
AEE,2021,27981534.718,11,MO,,,27981534.718,27981534.718
AEE,2022,24745347.054,11,MO,,,24745347.054,24745347.054
AEE,2023,19669522.87,11,MO,,,19669522.87,19669522.87
AEP,2010,99955186.222,23,OK,,,99955186.222,99955186.222
AEP,2011,101053947.89,23,OK,138294800.0,,101053947.89,101053947.89
AEP,2012,90432275.756,24,OK,135671200.0,,90432275.756,90432275.756
AEP,2013,83138055.178,24,OK,121927400.0,,83138055.178,83138055.178
AEP,2014,89248888.934,24,OK,,,89248888.934,89248888.934
AEP,2015,75384167.886,24,OK,,,75384167.886,75384167.886
AEP,2016,70978607.946,24,OK,,,70978607.946,70978607.946
AEP,2017,70780956.37200001,24,OK,,,70780956.37200001,70780956.37200001
AEP,2018,70410535.89,24,OK,,,70410535.89,70410535.89
AEP,2019,61457626.066,24,OK,,,61457626.066,61457626.066
AEP,2020,47943299.814,24,OK,,,47943299.814,47943299.814
AEP,2021,57953296.248,24,OK,,,57953296.248,57953296.248
AEP,2022,54588657.346,24,OK,,,54588657.346,54588657.346
AEP,2023,47932477.914,24,OK,,,47932477.914,47932477.914
AES,2010,21806276.498,9,IN,,,21806276.498,21806276.498
AES,2011,21454356.034,9,IN,,,21454356.034,21454356.034
AES,2012,20581387.56,9,IN,,,20581387.56,20581387.56
AES,2013,21798640.096,9,IN,,,21798640.096,21798640.096
AES,2014,22406117.98,9,IN,,,22406117.98,22406117.98
AES,2015,19115442.956,9,IN,,,19115442.956,19115442.956
AES,2016,17614022.31,9,IN,,,17614022.31,17614022.31
AES,2017,15690195.528,9,IN,,,15690195.528,15690195.528
AES,2018,16636602.256,9,IN,,,16636602.256,16636602.256
AES,2019,18311677.888,9,IN,,,18311677.888,18311677.888
AES,2020,15635681.748,9,IN,,,15635681.748,15635681.748
AES,2021,18539335.316,9,IN,,,18539335.316,18539335.316
AES,2022,18959295.624,9,IN,,,18959295.624,18959295.624
AES,2023,15677526.79,9,IN,,,15677526.79,15677526.79
ALB,2010,309466.2,4,TX,,,309466.2,309466.2
ALB,2011,312218.78,4,TX,706000.0,379000.0,312218.78,691218.78
ALB,2012,295572.492,4,TX,752000.0,376000.0,295572.492,671572.4920000001
ALB,2013,274804.538,4,TX,747000.0,393000.0,274804.538,667804.538
ALB,2014,309379.306,4,TX,,,309379.306,309379.306
ALB,2015,294294.964,4,TX,,,294294.964,294294.964
ALB,2016,280559.422,4,TX,,,280559.422,280559.422
ALB,2017,292780.84,4,TX,,,292780.84,292780.84
ALB,2018,295958.73,4,TX,,,295958.73,295958.73
ALB,2019,300141.22,4,TX,,,300141.22,300141.22
ALB,2020,297095.734,4,TX,,,297095.734,297095.734
ALB,2021,290355.862,4,TX,,,290355.862,290355.862
ALB,2022,297765.492,4,TX,,,297765.492,297765.492
ALB,2023,290882.972,4,TX,,,290882.972,290882.972
AMGN,2010,27381.406,1,PR,,,27381.406,27381.406
AMGN,2011,28911.132,1,PR,136986.0,293997.0,28911.132,322908.132
AMGN,2012,27348.258,1,PR,126233.0,274718.0,27348.258,302066.25800000003
AMGN,2013,28273.752,1,PR,119968.0,286679.0,28273.752,314952.752
AMGN,2014,28997.18,1,PR,,,28997.18,28997.18
AMGN,2015,31530.738,1,PR,,,31530.738,31530.738
AMGN,2016,28167.744,1,PR,,,28167.744,28167.744
AMGN,2017,28148.594,1,PR,,,28148.594,28148.594
AMGN,2018,25065.296,1,PR,,,25065.296,25065.296
AMGN,2019,35993.516,1,PR,,,35993.516,35993.516
AMGN,2020,49616.696,1,PR,,,49616.696,49616.696
AMGN,2021,41579.632,1,PR,,,41579.632,41579.632
AMGN,2022,36979.004,1,PR,,,36979.004,36979.004
AMGN,2023,61780.352,1,PR,,,61780.352,61780.352
APA,2021,138781.682,1,TX,,,138781.682,138781.682
APA,2022,135699.842,1,TX,,,135699.842,135699.842
APA,2023,125913.78,1,TX,,,125913.78,125913.78
APD,2010,8603962.67,16,CA,,,8603962.67,8603962.67
APD,2011,9283229.038,17,CA,14440000.0,9878817.0,9283229.038,19162046.038000003
APD,2012,9825870.252,19,LA,14767209.0,10563030.0,9825870.252,20388900.252
APD,2013,10712115.424,19,LA,14972268.0,10853989.0,10712115.424,21566104.424000002
APD,2014,11412856.964,20,LA,,,11412856.964,11412856.964
APD,2015,11407199.552,20,LA,,,11407199.552,11407199.552
APD,2016,11545450.156,20,LA,,,11545450.156,11545450.156
APD,2017,11702932.658,20,LA,,,11702932.658,11702932.658
APD,2018,11867543.422,21,LA,,,11867543.422,11867543.422
APD,2019,12168429.054,21,LA,,,12168429.054,12168429.054
APD,2020,11036496.256,22,LA,,,11036496.256,11036496.256
APD,2021,12455740.834,25,LA,,,12455740.834,12455740.834
APD,2022,13342137.824,26,CA,,,13342137.824,13342137.824
APD,2023,14072905.322,27,CA,,,14072905.322,14072905.322
ATO,2010,35044.568,1,TX,,,35044.568,35044.568
ATO,2011,38919.492,1,TX,,,38919.492,38919.492
ATO,2012,73394.936,1,TX,,,73394.936,73394.936
ATO,2013,57192.964,1,TX,,,57192.964,57192.964
ATO,2014,53240.13,1,TX,,,53240.13,53240.13
ATO,2015,49409.726,1,TX,,,49409.726,49409.726
ATO,2016,45016.342,1,TX,,,45016.342,45016.342
ATO,2017,50917.822,1,TX,,,50917.822,50917.822
ATO,2018,44500.698,1,TX,,,44500.698,44500.698
ATO,2019,131647.468,3,TX,,,131647.468,131647.468
ATO,2020,141033.134,3,TX,,,141033.134,141033.134
ATO,2021,135293.412,3,TX,,,135293.412,135293.412
ATO,2022,133303.636,3,TX,,,133303.636,133303.636
ATO,2023,130555.092,3,TX,,,130555.092,130555.092
AVGO,2011,40621.654,1,CO,,,40621.654,40621.654
AVGO,2012,58920.487,1,CO,,,58920.487,58920.487
AVGO,2013,94031.929,1,CO,,,94031.929,94031.929
AVGO,2014,213562.45988,1,CO,,,213562.45988,213562.45988
AVGO,2015,288703.708578,1,CO,,,288703.708578,288703.708578
AVGO,2016,306331.515775,1,CO,,,306331.515775,306331.515775
AVGO,2017,201755.514062,1,CO,,,201755.514062,201755.514062
AVGO,2018,172334.225758,1,CO,,,172334.225758,172334.225758
AVGO,2019,182824.213364,1,CO,,,182824.213364,182824.213364
AVGO,2020,139671.188379,1,CO,,,139671.188379,139671.188379
AVGO,2021,125323.092167,1,CO,,,125323.092167,125323.092167
AVGO,2022,78584.468743,1,CO,,,78584.468743,78584.468743
AVGO,2023,34457.051985,1,CO,,,34457.051985,34457.051985
BA,2010,155923.814,4,WA,,,155923.814,155923.814
BA,2011,168592.24199999997,4,WA,718000.0,1075000.0,168592.24199999997,1243592.242
BA,2012,161982.028,4,WA,576000.0,998000.0,161982.028,1159982.028
BA,2013,164168.174,4,WA,610000.0,1026000.0,164168.174,1190168.174
BA,2014,165639.588,4,WA,,,165639.588,165639.588
BA,2015,152514.548,4,WA,,,152514.548,152514.548
BA,2016,161552.06799999997,4,WA,,,161552.06799999997,161552.06799999997
BA,2017,167443.146,4,WA,,,167443.146,167443.146
BA,2018,161902.016,4,WA,,,161902.016,161902.016
BA,2019,174933.376,4,WA,,,174933.376,174933.376
BA,2020,154943.394,4,WA,,,154943.394,154943.394
BA,2021,156991.05800000002,4,WA,,,156991.05800000002,156991.05800000002
BA,2022,158302.1,4,WA,,,158302.1,158302.1
BA,2023,151144.822,4,WA,,,151144.822,151144.822
BAX,2022,39606.0,1,AR,,,39606.0,39606.0
BAX,2023,43203.836,1,AR,,,43203.836,43203.836
BF.B,2010,46217.392,1,KY,,,46217.392,46217.392
BF.B,2011,47726.612,1,KY,,,47726.612,47726.612
BF.B,2012,43578.058,1,KY,,,43578.058,43578.058
BF.B,2013,47951.154,1,KY,,,47951.154,47951.154
BF.B,2014,42790.828,1,KY,,,42790.828,42790.828
BF.B,2015,45737.036,1,KY,,,45737.036,45737.036
BF.B,2016,42268.736,1,KY,,,42268.736,42268.736
BF.B,2017,32372.696,1,KY,,,32372.696,32372.696
BF.B,2018,58824.412,2,KY,,,58824.412,58824.412
BF.B,2019,57437.848,2,KY,,,57437.848,57437.848
BF.B,2020,56994.348,2,KY,,,56994.348,56994.348
BF.B,2021,70601.044,2,KY,,,70601.044,70601.044
BF.B,2022,94436.992,2,KY,,,94436.992,94436.992
BF.B,2023,90072.76,2,KY,,,90072.76,90072.76
BIIB,2010,35793.65,1,MA,,,35793.65,35793.65
BIIB,2011,33966.38,1,MA,,,33966.38,33966.38
BIIB,2012,30243.688,1,MA,46557.0,54589.0,30243.688,84832.688
BIIB,2013,76311.964,1,MA,46588.0,39307.0,76311.964,115618.964
BIIB,2014,31908.226,1,MA,,,31908.226,31908.226
BIIB,2015,32786.224,1,MA,,,32786.224,32786.224
BIIB,2016,28958.892,1,MA,,,28958.892,28958.892
BIIB,2017,29926.634,1,MA,,,29926.634,29926.634
BIIB,2018,30257.788,1,MA,,,30257.788,30257.788
BIIB,2019,29570.338,1,MA,,,29570.338,29570.338
BIIB,2020,27100.996,1,MA,,,27100.996,27100.996
BIIB,2021,29388.44,1,MA,,,29388.44,29388.44
BIIB,2022,29755.04,1,MA,,,29755.04,29755.04
BIIB,2023,28268.192,1,MA,,,28268.192,28268.192
BMY,2010,100193.018,2,NJ,,,100193.018,100193.018
BMY,2011,97630.918,2,NJ,253398.0,270791.0,97630.918,368421.918
BMY,2012,93385.292,2,NJ,279981.0,266968.0,93385.292,360353.292
BMY,2013,103457.356,2,NJ,269734.0,262565.0,103457.356,366022.356
BMY,2014,100091.202,2,NJ,,,100091.202,100091.202
BMY,2015,95830.95,2,NJ,,,95830.95,95830.95
BMY,2016,93792.578,2,NJ,,,93792.578,93792.578
BMY,2017,97711.98,2,NJ,,,97711.98,97711.98
BMY,2018,93262.324,2,NJ,,,93262.324,93262.324
BMY,2019,84259.166,2,NJ,,,84259.166,84259.166
BMY,2020,83474.864,2,NJ,,,83474.864,83474.864
BMY,2021,90192.858,2,NJ,,,90192.858,90192.858
BMY,2022,91669.248,2,NJ,,,91669.248,91669.248
BMY,2023,95102.74,2,NJ,,,95102.74,95102.74
BRK.B,2010,43835284.56399,64,NV,,,43835284.56399,43835284.56399
BRK.B,2011,40613260.87283,72,NV,,,40613260.87283,40613260.87283
BRK.B,2012,44207380.444,75,NV,,,44207380.444,44207380.444
BRK.B,2013,46531561.774,83,NV,,,46531561.774,46531561.774
BRK.B,2014,44541174.762,85,NV,,,44541174.762,44541174.762
BRK.B,2015,45262051.794,89,NV,,,45262051.794,45262051.794
BRK.B,2016,43694034.17,89,NV,,,43694034.17,43694034.17
BRK.B,2017,41661692.924,91,OH,,,41661692.924,41661692.924
BRK.B,2018,43181593.554,99,TX,,,43181593.554,43181593.554
BRK.B,2019,42136369.422,99,TX,,,42136369.422,42136369.422
BRK.B,2020,40552566.762,101,TX,,,40552566.762,40552566.762
BRK.B,2021,40999667.638,103,TX,,,40999667.638,40999667.638
BRK.B,2022,39828496.218,105,TX,,,39828496.218,39828496.218
BRK.B,2023,36757318.922,105,TX,,,36757318.922,36757318.922
CAG,2010,112640.324,2,CA,,,112640.324,112640.324
CAG,2011,105619.452,2,CA,909671.0,1002250.0,105619.452,1107869.452
CAG,2012,98928.376,2,CA,1071303.0,1089063.0,98928.376,1187991.376
CAG,2013,102370.564,2,CA,1078551.0,1078707.0,102370.564,1181077.564
CAG,2014,108596.44,2,CA,,,108596.44,108596.44
CAG,2015,107285.496,2,CA,,,107285.496,107285.496
CAG,2016,103151.312,2,CA,,,103151.312,103151.312
CAG,2017,86053.676,2,CA,,,86053.676,86053.676
CAG,2018,93499.348,2,CA,,,93499.348,93499.348
CAG,2019,123699.984,3,AR,,,123699.984,123699.984
CAG,2020,140014.872,3,AR,,,140014.872,140014.872
CAG,2021,143519.70799999998,3,AR,,,143519.70799999998,143519.70799999998
CAG,2022,158389.452,3,AR,,,158389.452,158389.452
CAG,2023,112660.176,3,AR,,,112660.176,112660.176
CAT,2010,328755.212,6,IL,,,328755.212,328755.212
CAT,2011,524091.99,6,IL,500000.0,1400000.0,524091.99,1924091.99
CAT,2012,502000.014,6,IL,839000.0,1670000.0,502000.014,2172000.014
CAT,2013,512399.052,6,IL,1020000.0,1450000.0,512399.052,1962399.0520000001
CAT,2014,494806.18,6,IL,,,494806.18,494806.18
CAT,2015,464088.65,6,IL,,,464088.65,464088.65
CAT,2016,441832.266,6,IL,,,441832.266,441832.266
CAT,2017,488605.144,6,IL,,,488605.144,488605.144
CAT,2018,531956.56,7,IL,,,531956.56,531956.56
CAT,2019,537013.652,7,IL,,,537013.652,537013.652
CAT,2020,459261.132,7,IL,,,459261.132,459261.132
CAT,2021,471626.776,7,IL,,,471626.776,471626.776
CAT,2022,479805.406,7,IL,,,479805.406,479805.406
CAT,2023,456901.738,7,IL,,,456901.738,456901.738
CEG,2010,7718209.875999999,8,MA,,,7718209.875999999,7718209.875999999
CEG,2011,6500671.6280000005,8,MA,,,6500671.6280000005,6500671.6280000005
CEG,2012,6213022.967999999,8,MA,,,6213022.967999999,6213022.967999999
CEG,2013,4789616.42,8,MA,,,4789616.42,4789616.42
CEG,2014,3268565.446,8,MA,,,3268565.446,3268565.446
CEG,2015,4054841.558,8,MA,,,4054841.558,4054841.558
CEG,2016,5913163.186,8,MA,,,5913163.186,5913163.186
CEG,2017,7199363.757999999,10,MA,,,7199363.757999999,7199363.757999999
CEG,2018,8154254.918,10,MA,,,8154254.918,8154254.918
CEG,2019,8092826.764,10,MA,,,8092826.764,8092826.764
CEG,2020,7509770.68,10,MA,,,7509770.68,7509770.68
CEG,2021,7665565.058,10,MA,,,7665565.058,7665565.058
CEG,2022,8247705.788000001,10,MA,,,8247705.788000001,8247705.788000001
CEG,2023,8941320.546,10,MA,,,8941320.546,8941320.546
CF,2010,14820297.766,5,OK,,,14820297.766,14820297.766
CF,2011,14681864.796,5,OK,1100000.0,1100000.0,14681864.796,15781864.796
CF,2012,14913768.162,5,OK,1200000.0,1000000.0,14913768.162,15913768.162
CF,2013,15024892.678,5,OK,1200000.0,920000.0,15024892.678,15944892.678
CF,2014,14658857.686,5,OK,,,14658857.686,14658857.686
CF,2015,16138570.878,5,OK,,,16138570.878,16138570.878
CF,2016,16427558.374,6,LA,,,16427558.374,16427558.374
CF,2017,20108662.888,6,LA,,,20108662.888,20108662.888
CF,2018,19945452.682,6,LA,,,19945452.682,19945452.682
CF,2019,20985495.304,6,LA,,,20985495.304,20985495.304
CF,2020,20621153.56,6,LA,,,20621153.56,20621153.56
CF,2021,18956070.078,6,LA,,,18956070.078,18956070.078
CF,2022,20703034.516,6,LA,,,20703034.516,20703034.516
CF,2023,20579424.174,6,LA,,,20579424.174,20579424.174
CMS,2010,9012035.286,8,MI,,,9012035.286,9012035.286
CMS,2011,8649024.481999999,8,MI,,,8649024.481999999,8649024.481999999
CMS,2012,10254407.85,8,MI,,,10254407.85,10254407.85
CMS,2013,8807316.348,8,MI,,,8807316.348,8807316.348
CMS,2014,8340563.284,9,MI,,,8340563.284,8340563.284
CMS,2015,10040895.592,9,MI,,,10040895.592,10040895.592
CMS,2016,11377669.43,9,MI,,,11377669.43,11377669.43
CMS,2017,10860688.884,9,MI,,,10860688.884,10860688.884
CMS,2018,11119740.618,9,MI,,,11119740.618,11119740.618
CMS,2019,11073913.442,9,MI,,,11073913.442,11073913.442
CMS,2020,10505380.256,9,MI,,,10505380.256,10505380.256
CMS,2021,11623815.742,9,MI,,,11623815.742,11623815.742
CMS,2022,12226466.656,9,MI,,,12226466.656,12226466.656
CMS,2023,10198676.14,9,MI,,,10198676.14,10198676.14
CNP,2010,4404956.876,2,IN,,,4404956.876,4404956.876
CNP,2011,4076896.928,2,IN,,,4076896.928,4076896.928
CNP,2012,4514767.392,2,IN,,,4514767.392,4514767.392
CNP,2013,4708635.5940000005,2,IN,,,4708635.5940000005,4708635.5940000005
CNP,2014,4960186.318,2,IN,,,4960186.318,4960186.318
CNP,2015,4307398.786,2,IN,,,4307398.786,4307398.786
CNP,2016,3702865.974,2,IN,,,3702865.974,3702865.974
CNP,2017,4356177.198000001,2,IN,,,4356177.198000001,4356177.198000001
CNP,2018,5026967.434,2,IN,,,5026967.434,5026967.434
CNP,2019,4475951.516,2,IN,,,4475951.516,4475951.516
CNP,2020,3537566.934,2,IN,,,3537566.934,3537566.934
CNP,2021,5514933.164,2,IN,,,5514933.164,5514933.164
CNP,2022,4352488.256,2,IN,,,4352488.256,4352488.256
CNP,2023,3741577.852,2,IN,,,3741577.852,3741577.852
COP,2010,614938.772,2,AK,,,614938.772,614938.772
COP,2011,620517.6819999999,2,AK,57981000.0,10024000.0,620517.6819999999,10644517.682
COP,2012,608691.6440000001,2,AK,59400000.0,10800000.0,608691.6440000001,11408691.644
COP,2013,588098.3319999999,2,AK,24171000.0,1638000.0,588098.3319999999,2226098.332
COP,2014,597383.5739999999,2,AK,,,597383.5739999999,597383.5739999999
COP,2015,622116.9580000001,2,AK,,,622116.9580000001,622116.9580000001
COP,2016,615259.952,2,AK,,,615259.952,615259.952
COP,2017,653221.596,2,AK,,,653221.596,653221.596
COP,2018,652974.0939999999,2,AK,,,652974.0939999999,652974.0939999999
COP,2019,639745.428,2,AK,,,639745.428,639745.428
COP,2020,584483.5939999999,2,AK,,,584483.5939999999,584483.5939999999
COP,2021,598302.776,2,AK,,,598302.776,598302.776
COP,2022,576118.594,2,AK,,,576118.594,576118.594
COP,2023,570045.678,2,AK,,,570045.678,570045.678
CTVA,2010,58611.88,1,MI,,,58611.88,58611.88
CTVA,2011,57796.632,1,MI,,,57796.632,57796.632
CTVA,2012,56993.636,1,MI,,,56993.636,56993.636
CTVA,2013,58403.28,1,MI,,,58403.28,58403.28
CTVA,2014,58184.08,1,MI,,,58184.08,58184.08
CTVA,2015,55891.14,1,MI,,,55891.14,55891.14
CTVA,2016,50356.16,1,MI,,,50356.16,50356.16
CTVA,2017,58722.528,1,MI,,,58722.528,58722.528
CTVA,2018,62288.316,1,MI,,,62288.316,62288.316
CTVA,2019,65076.704,1,MI,,,65076.704,65076.704
CTVA,2020,56791.336,1,MI,,,56791.336,56791.336
CTVA,2021,59699.876,1,MI,,,59699.876,59699.876
CTVA,2022,61295.92,1,MI,,,61295.92,61295.92
CTVA,2023,56532.988,1,MI,,,56532.988,56532.988
CVX,2010,17000457.848,17,CA,,,17000457.848,17000457.848
CVX,2011,17092562.59,17,CA,62136044.0,4483820.0,17092562.59,21576382.59
CVX,2012,17181830.422,18,CA,61346995.0,4561010.0,17181830.422,21742840.422
CVX,2013,16979698.504,18,CA,58559220.0,3849319.0,16979698.504,20829017.504
CVX,2014,16945451.39,18,CA,,,16945451.39,16945451.39
CVX,2015,18612446.006,18,CA,,,18612446.006,18612446.006
CVX,2016,18150600.502,18,CA,,,18150600.502,18150600.502
CVX,2017,18345629.78,18,CA,,,18345629.78,18345629.78
CVX,2018,18759928.652,18,CA,,,18759928.652,18759928.652
CVX,2019,17288467.494,19,CA,,,17288467.494,17288467.494
CVX,2020,15988793.43,19,CA,,,15988793.43,15988793.43
CVX,2021,16806846.476,19,CA,,,16806846.476,16806846.476
CVX,2022,15828266.804,19,CA,,,15828266.804,15828266.804
CVX,2023,16013153.746,19,CA,,,16013153.746,16013153.746
CZR,2010,52208.504,1,NV,,,52208.504,52208.504
CZR,2011,53805.148,1,NV,,,53805.148,53805.148
CZR,2012,55826.64,1,NV,,,55826.64,55826.64
CZR,2013,56952.336,1,NV,,,56952.336,56952.336
CZR,2014,59308.376,1,NV,,,59308.376,59308.376
CZR,2015,58366.48,1,NV,,,58366.48,58366.48
CZR,2016,60775.372,1,NV,,,60775.372,60775.372
CZR,2017,57911.832,1,NV,,,57911.832,57911.832
CZR,2018,56588.736,1,NV,,,56588.736,56588.736
CZR,2019,56405.988,1,NV,,,56405.988,56405.988
CZR,2020,41874.292,1,NV,,,41874.292,41874.292
CZR,2021,45674.328,1,NV,,,45674.328,45674.328
CZR,2022,58716.728,1,NV,,,58716.728,58716.728
CZR,2023,56095.788,1,NV,,,56095.788,56095.788
D,2010,35933070.254,19,VA,,,35933070.254,35933070.254
D,2011,31845258.328,20,VA,59004018.0,349938.0,31845258.328,32195196.328
D,2012,31937104.054,22,VA,56812875.0,256934.0,31937104.054,32194038.054
D,2013,35717563.644,22,VA,,,35717563.644,35717563.644
D,2014,38195677.864,23,VA,,,38195677.864,38195677.864
D,2015,39271452.091,24,VA,,,39271452.091,39271452.091
D,2016,40588975.275,24,VA,,,40588975.275,40588975.275
D,2017,36175478.135,24,VA,,,36175478.135,36175478.135
D,2018,35552237.502,26,VA,,,35552237.502,35552237.502
D,2019,32430019.552,26,VA,,,32430019.552,32430019.552
D,2020,33525337.94,26,VA,,,33525337.94,33525337.94
D,2021,32108770.12,26,VA,,,32108770.12,32108770.12
D,2022,31246444.182,26,VA,,,31246444.182,31246444.182
D,2023,28177882.236,26,VA,,,28177882.236,28177882.236
DAL,2010,1546459.4279999998,2,GA,,,1546459.4279999998,1546459.4279999998
DAL,2011,1156497.19,2,GA,31932076.39,416585.02,1156497.19,1573082.21
DAL,2012,386460.76,2,GA,30994534.87,368830.6,386460.76,755291.36
DAL,2013,1357110.636,2,GA,32143942.81,341123.1,1357110.636,1698233.736
DAL,2014,1403041.308,2,GA,,,1403041.308,1403041.308
DAL,2015,1438536.184,2,GA,,,1438536.184,1438536.184
DAL,2016,1398973.314,2,GA,,,1398973.314,1398973.314
DAL,2017,1355968.92,2,GA,,,1355968.92,1355968.92
DAL,2018,1230173.122,2,GA,,,1230173.122,1230173.122
DAL,2019,1501649.668,2,GA,,,1501649.668,1501649.668
DAL,2020,1179682.28,2,GA,,,1179682.28,1179682.28
DAL,2021,1381265.21,2,GA,,,1381265.21,1381265.21
DAL,2022,1313653.766,2,GA,,,1313653.766,1313653.766
DAL,2023,1256096.862,2,GA,,,1256096.862,1256096.862
DD,2010,228452.268,4,DE,,,228452.268,228452.268
DD,2011,232748.994,4,DE,14093100.0,5282400.0,232748.994,5515148.994
DD,2012,230189.368,4,DE,10817680.0,4416220.0,230189.368,4646409.368
DD,2013,244922.48,4,DE,13561008.0,4944363.0,244922.48,5189285.48
DD,2014,249253.086,4,DE,,,249253.086,249253.086
DD,2015,243167.196,4,DE,,,243167.196,243167.196
DD,2016,217448.712,4,DE,,,217448.712,217448.712
DD,2017,214328.354,4,DE,,,214328.354,214328.354
DD,2018,230081.946,4,DE,,,230081.946,230081.946
DD,2019,220453.144,4,DE,,,220453.144,220453.144
DD,2020,198216.788,4,DE,,,198216.788,198216.788
DD,2021,198297.142,4,DE,,,198297.142,198297.142
DD,2022,206987.258,4,DE,,,206987.258,206987.258
DD,2023,195527.252,4,DE,,,195527.252,195527.252
DE,2010,34563.114,1,IA,,,34563.114,34563.114
DE,2011,35541.01,1,IA,420019.0,1041067.0,35541.01,1076608.01
DE,2012,34738.768,1,IA,440147.0,1053446.0,34738.768,1088184.768
DE,2013,44526.232,1,IA,460808.29,1073059.05,44526.232,1117585.2820000001
DE,2014,46430.174,1,IA,,,46430.174,46430.174
DE,2015,42124.088,1,IA,,,42124.088,42124.088
DE,2016,40664.348,1,IA,,,40664.348,40664.348
DE,2017,43409.03,1,IA,,,43409.03,43409.03
DE,2018,48675.116,1,IA,,,48675.116,48675.116
DE,2019,47359.772,1,IA,,,47359.772,47359.772
DE,2020,44079.384,1,IA,,,44079.384,44079.384
DE,2021,44661.832,1,IA,,,44661.832,44661.832
DE,2022,52119.056,1,IA,,,52119.056,52119.056
DE,2023,45075.88,1,IA,,,45075.88,45075.88
DOW,2010,18323809.69,15,TX,,,18323809.69,18323809.69
DOW,2011,19079516.256,15,TX,28130000.0,9021000.0,19079516.256,28100516.256
DOW,2012,18549779.01,15,TX,27429000.0,8403000.0,18549779.01,26952779.01
DOW,2013,19186929.358,15,TX,27730000.0,7570000.0,19186929.358,26756929.358
DOW,2014,19204156.688,15,TX,,,19204156.688,19204156.688
DOW,2015,15801678.59,15,TX,,,15801678.59,15801678.59
DOW,2016,16245810.0,15,TX,,,16245810.0,16245810.0
DOW,2017,16763236.217999998,15,TX,,,16763236.217999998,16763236.217999998
DOW,2018,16979429.18,15,TX,,,16979429.18,16979429.18
DOW,2019,16342159.396,15,TX,,,16342159.396,16342159.396
DOW,2020,17000494.13,15,TX,,,17000494.13,17000494.13
DOW,2021,17175857.846,15,TX,,,17175857.846,17175857.846
DOW,2022,16638598.38,15,TX,,,16638598.38,16638598.38
DOW,2023,16788738.352,15,TX,,,16788738.352,16788738.352
DTE,2010,38479709.726,12,MI,,,38479709.726,38479709.726
DTE,2011,35708608.41,13,MI,391152.0,3093352.0,35708608.41,38801960.41
DTE,2012,34845189.988,13,MI,414565.0,3041004.0,34845189.988,37886193.988
DTE,2013,35430396.04,13,MI,356128.0,3291232.0,35430396.04,38721628.04
DTE,2014,33186009.588,15,MI,,,33186009.588,33186009.588
DTE,2015,33097577.308,15,MI,,,33097577.308,33097577.308
DTE,2016,29546243.016,15,MI,,,29546243.016,29546243.016
DTE,2017,30616333.732,15,MI,,,30616333.732,30616333.732
DTE,2018,33041199.896,15,MI,,,33041199.896,33041199.896
DTE,2019,29634785.486,17,MI,,,29634785.486,29634785.486
DTE,2020,23693823.028,18,MI,,,23693823.028,23693823.028
DTE,2021,29862816.568,18,MI,,,29862816.568,29862816.568
DTE,2022,28836096.46,20,MI,,,28836096.46,28836096.46
DTE,2023,24054836.762,20,MI,,,24054836.762,24054836.762
DUK,2010,101078397.428,36,NC,,,101078397.428,101078397.428
DUK,2011,89312441.406,36,NC,90612245.0,,89312441.406,89312441.406
DUK,2012,83499850.264,36,NC,85271807.0,,83499850.264,83499850.264
DUK,2013,83861768.46,36,NC,123430000.0,,83861768.46,83861768.46
DUK,2014,87285648.446,36,NC,,,87285648.446,87285648.446
DUK,2015,84619516.836,35,NC,,,84619516.836,84619516.836
DUK,2016,83921682.596,35,NC,,,83921682.596,83921682.596
DUK,2017,80554597.722,35,NC,,,80554597.722,80554597.722
DUK,2018,81752492.678,35,NC,,,81752492.678,81752492.678
DUK,2019,74729515.202,35,NC,,,74729515.202,74729515.202
DUK,2020,64465797.328,35,NC,,,64465797.328,64465797.328
DUK,2021,69219009.728,36,NC,,,69219009.728,69219009.728
DUK,2022,69525372.66,38,NC,,,69525372.66,69525372.66
DUK,2023,64619721.302,38,NC,,,64619721.302,64619721.302
DVN,2010,119127.46,1,TX,,,119127.46,119127.46
DVN,2011,156756.268,1,TX,3680000.0,490000.0,156756.268,646756.268
DVN,2012,158930.442,1,TX,7232882.0,1009209.0,158930.442,1168139.442
DVN,2013,142914.232,1,TX,7596657.0,1087905.0,142914.232,1230819.232
DVN,2014,142354.962,1,TX,,,142354.962,142354.962
DVN,2015,140312.904,1,TX,,,140312.904,140312.904
DVN,2016,143788.22,1,TX,,,143788.22,143788.22
DVN,2017,271668.156,1,TX,,,271668.156,271668.156
DVN,2018,69552.302,1,TX,,,69552.302,69552.302
DVN,2019,328990.342,1,TX,,,328990.342,328990.342
DVN,2020,376746.986,1,TX,,,376746.986,376746.986
DVN,2021,420986.8,1,TX,,,420986.8,420986.8
DVN,2022,178660.946,1,TX,,,178660.946,178660.946
DVN,2023,99720.708,1,TX,,,99720.708,99720.708
ED,2010,3160131.774,5,NY,,,3160131.774,3160131.774
ED,2011,2806590.744,5,NY,,,2806590.744,2806590.744
ED,2012,2725048.4820000003,5,NY,3370542.0,1142721.0,2725048.4820000003,3867769.4820000003
ED,2013,2872899.62,5,NY,,,2872899.62,2872899.62
ED,2014,2697381.0960000004,5,NY,,,2697381.0960000004,2697381.0960000004
ED,2015,2709072.734,5,NY,,,2709072.734,2709072.734
ED,2016,2632140.32,5,NY,,,2632140.32,2632140.32
ED,2017,2582570.824,5,NY,,,2582570.824,2582570.824
ED,2018,2658288.444,5,NY,,,2658288.444,2658288.444
ED,2019,2512922.072,5,NY,,,2512922.072,2512922.072
ED,2020,2383907.4200000004,5,NY,,,2383907.4200000004,2383907.4200000004
ED,2021,2481022.192,5,NY,,,2481022.192,2481022.192
ED,2022,2515563.54,5,NY,,,2515563.54,2515563.54
ED,2023,2463230.61,5,NY,,,2463230.61,2463230.61
EIX,2010,2354691.724,1,CA,,,2354691.724,2354691.724
EIX,2011,1801629.872,1,CA,,,1801629.872,1801629.872
EIX,2012,2544125.872,1,CA,,,2544125.872,2544125.872
EIX,2013,2130559.204,1,CA,,,2130559.204,2130559.204
EIX,2014,2404249.192,1,CA,,,2404249.192,2404249.192
EIX,2015,2275937.668,1,CA,,,2275937.668,2275937.668
EIX,2016,1942391.9,1,CA,,,1942391.9,1942391.9
EIX,2017,1629079.864,1,CA,,,1629079.864,1629079.864
EIX,2018,820933.76,1,CA,,,820933.76,820933.76
EIX,2019,1216417.044,1,CA,,,1216417.044,1216417.044
EIX,2020,1154108.472,1,CA,,,1154108.472,1154108.472
EIX,2021,824124.196,1,CA,,,824124.196,824124.196
EIX,2022,1495603.756,1,CA,,,1495603.756,1495603.756
EIX,2023,1056295.236,1,CA,,,1056295.236,1056295.236
EMN,2010,6931860.500000001,7,TX,,,6931860.500000001,6931860.500000001
EMN,2011,7410420.392,7,TX,2300000.0,970000.0,7410420.392,8380420.392
EMN,2012,7316770.162,7,TX,6440000.0,301000.0,7316770.162,7617770.162
EMN,2013,7522194.734000001,7,TX,6190000.0,760000.0,7522194.734000001,8282194.734000001
EMN,2014,7422748.988000001,7,TX,,,7422748.988000001,7422748.988000001
EMN,2015,7425040.628,7,TX,,,7425040.628,7425040.628
EMN,2016,7216229.858,7,TX,,,7216229.858,7216229.858
EMN,2017,6532215.017999999,7,TX,,,6532215.017999999,6532215.017999999
EMN,2018,6530652.646,7,TX,,,6530652.646,6530652.646
EMN,2019,6300813.676,7,TX,,,6300813.676,6300813.676
EMN,2020,6165124.2360000005,7,TX,,,6165124.2360000005,6165124.2360000005
EMN,2021,6272874.63,7,TX,,,6272874.63,6272874.63
EMN,2022,6091691.906653875,7,TX,,,6091691.906653875,6091691.906653875
EMN,2023,6094463.184,7,TX,,,6094463.184,6094463.184
EOG,2010,67.952,2,TX,,,67.952,67.952
EOG,2011,322118.568,3,TX,,,322118.568,322118.568
EOG,2012,487178.204,5,TX,,,487178.204,487178.204
EOG,2013,515226.596,7,TX,,,515226.596,515226.596
EOG,2014,523182.446,8,TX,,,523182.446,523182.446
EOG,2015,471922.99,9,TX,,,471922.99,471922.99
EOG,2016,410481.508,6,TX,,,410481.508,410481.508
EOG,2017,454963.36,7,TX,,,454963.36,454963.36
EOG,2018,412529.764,7,TX,,,412529.764,412529.764
EOG,2019,470711.714,7,TX,,,470711.714,470711.714
EOG,2020,367608.864,7,TX,,,367608.864,367608.864
EOG,2021,356756.498,7,TX,,,356756.498,356756.498
EOG,2022,345242.062,7,TX,,,345242.062,345242.062
EOG,2023,318787.588,7,TX,,,318787.588,318787.588
ETR,2010,18466567.562,18,LA,,,18466567.562,18466567.562
ETR,2011,18792195.05,18,LA,,,18792195.05,18792195.05
ETR,2012,19928355.2,18,LA,,,19928355.2,19928355.2
ETR,2013,18975827.724,18,LA,,,18975827.724,18975827.724
ETR,2014,20747152.074,18,LA,,,20747152.074,20747152.074
ETR,2015,26913399.882,18,LA,,,26913399.882,26913399.882
ETR,2016,27340456.218,18,LA,,,27340456.218,27340456.218
ETR,2017,23964547.796,18,LA,,,23964547.796,23964547.796
ETR,2018,26255598.286,18,LA,,,26255598.286,26255598.286
ETR,2019,27479912.622,19,LA,,,27479912.622,27479912.622
ETR,2020,29135687.384,23,LA,,,29135687.384,29135687.384
ETR,2021,28757473.778,23,LA,,,28757473.778,28757473.778
ETR,2022,32548866.098,23,LA,,,32548866.098,32548866.098
ETR,2023,32420498.6,23,LA,,,32420498.6,32420498.6
EVRG,2010,32841511.218,10,KS,,,32841511.218,32841511.218
EVRG,2011,32407766.558,10,KS,,,32407766.558,32407766.558
EVRG,2012,29933689.684,10,KS,,,29933689.684,29933689.684
EVRG,2013,31231541.598,10,KS,,,31231541.598,31231541.598
EVRG,2014,28780355.406000003,11,KS,,,28780355.406000003,28780355.406000003
EVRG,2015,26848698.778,11,KS,,,26848698.778,26848698.778
EVRG,2016,25282764.748,11,KS,,,25282764.748,25282764.748
EVRG,2017,22055064.018,10,KS,,,22055064.018,22055064.018
EVRG,2018,22376405.378,11,KS,,,22376405.378,22376405.378
EVRG,2019,20022656.7,11,KS,,,20022656.7,20022656.7
EVRG,2020,18520696.77,11,KS,,,18520696.77,18520696.77
EVRG,2021,20475596.296,11,KS,,,20475596.296,20475596.296
EVRG,2022,22674229.544,11,KS,,,22674229.544,22674229.544
EVRG,2023,18985301.404,11,KS,,,18985301.404,18985301.404
F,2010,580313.4339395,10,MI,,,580313.4339395,580313.4339395
F,2011,587230.6226248188,10,MI,1602246.0,3666231.0,587230.6226248188,4253461.622624819
F,2012,561382.5616492034,10,MI,1559240.0,3535959.0,561382.5616492034,4097341.5616492033
F,2013,651788.688,10,MI,1698799.0,3440338.0,651788.688,4092126.688
F,2014,703770.99,10,MI,,,703770.99,703770.99
F,2015,649913.218,10,MI,,,649913.218,649913.218
F,2016,620613.9199999999,10,MI,,,620613.9199999999,620613.9199999999
F,2017,595612.098,10,MI,,,595612.098,595612.098
F,2018,640823.936,10,MI,,,640823.936,640823.936
F,2019,624988.096,10,MI,,,624988.096,624988.096
F,2020,481112.438,10,MI,,,481112.438,481112.438
F,2021,499182.316,10,MI,,,499182.316,499182.316
F,2022,559602.738,10,MI,,,559602.738,559602.738
F,2023,497625.124,10,MI,,,497625.124,497625.124
FCX,2010,168263.36800000002,3,AZ,,,168263.36800000002,168263.36800000002
FCX,2011,194981.534,4,AZ,5358795.0,4582267.0,194981.534,4777248.534
FCX,2012,157479.144,4,AZ,5679367.0,3985464.0,157479.144,4142943.144
FCX,2013,174022.486,4,AZ,5859810.0,4321572.0,174022.486,4495594.486
FCX,2014,174049.788,4,AZ,,,174049.788,174049.788
FCX,2015,172971.186,4,AZ,,,172971.186,172971.186
FCX,2016,173174.73599999998,4,AZ,,,173174.73599999998,173174.73599999998
FCX,2017,168284.896,4,AZ,,,168284.896,168284.896
FCX,2018,210610.438,4,AZ,,,210610.438,210610.438
FCX,2019,201481.67,3,AZ,,,201481.67,201481.67
FCX,2020,207870.466,3,AZ,,,207870.466,207870.466
FCX,2021,213868.938,3,AZ,,,213868.938,213868.938
FCX,2022,232194.868,3,AZ,,,232194.868,232194.868
FCX,2023,260273.666,4,AZ,,,260273.666,260273.666
FE,2010,17606186.694,2,WV,,,17606186.694,17606186.694
FE,2011,16800783.538000003,2,WV,,,16800783.538000003,16800783.538000003
FE,2012,14536259.606,2,WV,,,14536259.606,14536259.606
FE,2013,18648607.724,2,WV,,,18648607.724,18648607.724
FE,2014,17583285.582000002,2,WV,,,17583285.582000002,17583285.582000002
FE,2015,17138422.016,2,WV,,,17138422.016,17138422.016
FE,2016,18245669.212,2,WV,,,18245669.212,18245669.212
FE,2017,18001579.714,2,WV,,,18001579.714,18001579.714
FE,2018,17636737.774,2,WV,,,17636737.774,17636737.774
FE,2019,17935528.060000002,2,WV,,,17935528.060000002,17935528.060000002
FE,2020,14519278.9,2,WV,,,14519278.9,14519278.9
FE,2021,15785373.578,2,WV,,,15785373.578,15785373.578
FE,2022,16531456.942,2,WV,,,16531456.942,16531456.942
FE,2023,15258135.972,2,WV,,,15258135.972,15258135.972
GE,2010,3222467.484,10,OR,,,3222467.484,3222467.484
GE,2011,1888690.342,10,OR,2180000.0,2910000.0,1888690.342,4798690.342
GE,2012,2422640.134,11,OR,1970000.0,2905000.0,2422640.134,5327640.134
GE,2013,2772028.726,12,OR,1946000.0,3031000.0,2772028.726,5803028.726
GE,2014,2620437.909,12,OR,,,2620437.909,2620437.909
GE,2015,3201374.516,12,OR,,,3201374.516,3201374.516
GE,2016,3919952.041,13,OR,,,3919952.041,3919952.041
GE,2017,3735729.478,13,OR,,,3735729.478,3735729.478
GE,2018,4202991.657,13,OR,,,4202991.657,4202991.657
GE,2019,4499876.356000001,13,OR,,,4499876.356000001,4499876.356000001
GE,2020,4177739.181,13,OR,,,4177739.181,4177739.181
GE,2021,4767807.75494,13,OR,,,4767807.75494,4767807.75494
GE,2022,4757966.57429,13,OR,,,4757966.57429,4757966.57429
GE,2023,5750599.7248,13,OR,,,5750599.7248,5750599.7248
GIS,2010,69661.64,2,GA,,,69661.64,69661.64
GIS,2011,70286.33600000001,2,GA,259400.0,737000.0,70286.33600000001,807286.336
GIS,2012,66557.046,2,GA,291606.0,771157.0,66557.046,837714.046
GIS,2013,64307.66,2,GA,299921.0,720189.0,64307.66,784496.66
GIS,2014,65523.694,2,GA,,,65523.694,65523.694
GIS,2015,61049.762,2,GA,,,61049.762,61049.762
GIS,2016,63196.104,2,GA,,,63196.104,63196.104
GIS,2017,42747.24,2,GA,,,42747.24,42747.24
GIS,2018,68812.338,2,GA,,,68812.338,68812.338
GIS,2019,69235.988,2,GA,,,69235.988,69235.988
GIS,2020,82544.862,2,GA,,,82544.862,82544.862
GIS,2021,73949.576,2,GA,,,73949.576,73949.576
GIS,2022,79095.032,2,GA,,,79095.032,79095.032
GIS,2023,70688.598,2,GA,,,70688.598,70688.598
GLW,2010,508047.566,11,TX,,,508047.566,508047.566
GLW,2011,576333.2660000001,13,NY,266635.0,908817.0,576333.2660000001,1485150.266
GLW,2012,570847.064,13,NY,371844.0,1053862.0,570847.064,1624709.064
GLW,2013,583632.388,14,NY,383729.0,1129330.0,583632.388,1712962.388
GLW,2014,618599.9839999999,14,NY,,,618599.9839999999,618599.9839999999
GLW,2015,632555.572,14,NY,,,632555.572,632555.572
GLW,2016,580296.71,14,NY,,,580296.71,580296.71
GLW,2017,628513.21,15,NY,,,628513.21,628513.21
GLW,2018,678705.952,16,MO,,,678705.952,678705.952
GLW,2019,678142.5380000001,16,MO,,,678142.5380000001,678142.5380000001
GLW,2020,619320.478,16,MO,,,619320.478,619320.478
GLW,2021,695209.8420000001,16,MO,,,695209.8420000001,695209.8420000001
GLW,2022,692168.998,16,MO,,,692168.998,692168.998
GLW,2023,632382.226,16,MO,,,632382.226,632382.226
GM,2010,771853.704,11,MI,,,771853.704,771853.704
GM,2011,836510.19,12,MI,,,836510.19,836510.19
GM,2012,820247.64,13,MI,2310819.0,5329095.0,820247.64,6149342.64
GM,2013,883562.158,14,MI,2454755.0,5531380.0,883562.158,6414942.158
GM,2014,826577.5800000001,14,MI,,,826577.5800000001,826577.5800000001
GM,2015,723309.418,14,MI,,,723309.418,723309.418
GM,2016,746779.682,14,MI,,,746779.682,746779.682
GM,2017,680819.38,14,MI,,,680819.38,680819.38
GM,2018,618433.896,14,MI,,,618433.896,618433.896
GM,2019,629765.532,14,MI,,,629765.532,629765.532
GM,2020,512197.86,13,MI,,,512197.86,512197.86
GM,2021,529888.632,13,MI,,,529888.632,529888.632
GM,2022,567991.594,14,MI,,,567991.594,567991.594
GM,2023,572170.952,14,MI,,,572170.952,572170.952
GOOGL,2013,12783.104,1,CA,,,12783.104,12783.104
GOOGL,2014,46570.276,1,CA,,,46570.276,46570.276
GOOGL,2015,69269.444,1,CA,,,69269.444,69269.444
GOOGL,2016,72840.576,1,CA,,,72840.576,72840.576
GOOGL,2017,69215.64,1,CA,,,69215.64,69215.64
GOOGL,2018,77052.364,1,CA,,,77052.364,77052.364
GOOGL,2019,71147.636,1,CA,,,71147.636,71147.636
GOOGL,2020,80345.552,1,CA,,,80345.552,80345.552
GOOGL,2021,74613.772,1,CA,,,74613.772,74613.772
GOOGL,2022,47997.772,1,CA,,,47997.772,47997.772
GOOGL,2023,56418.04,1,CA,,,56418.04,56418.04
GS,2010,52875.612,1,SC,,,52875.612,52875.612
GS,2011,46650.524,1,SC,14645.0,336842.0,46650.524,383492.524
GS,2012,51781.204,1,SC,11787.0,321641.0,51781.204,373422.204
GS,2013,50418.76,1,SC,14559.0,276815.0,50418.76,327233.76
GS,2014,58924.728,1,SC,,,58924.728,58924.728
GS,2015,52337.252,1,SC,,,52337.252,52337.252
GS,2016,56091.288,1,SC,,,56091.288,56091.288
GS,2017,57140.384,1,SC,,,57140.384,57140.384
GS,2018,55489.492,1,SC,,,55489.492,55489.492
GS,2019,55389.392,1,SC,,,55389.392,55389.392
GS,2020,47816.12,1,SC,,,47816.12,47816.12
GS,2021,44415.832,1,SC,,,44415.832,44415.832
GS,2022,52871.8,1,SC,,,52871.8,52871.8
GS,2023,52140.304,1,SC,,,52140.304,52140.304
HAL,2010,79211.61,2,SD,,,79211.61,79211.61
HAL,2011,88479.44399999999,2,SD,4020000.0,,88479.44399999999,88479.44399999999
HAL,2012,77902.63,2,SD,4246608.0,152519.0,77902.63,230421.63
HAL,2013,69981.696,2,SD,4211808.0,839363.0,69981.696,909344.696
HAL,2014,75312.274,2,SD,,,75312.274,75312.274
HAL,2015,63886.644,2,SD,,,63886.644,63886.644
HAL,2016,71599.6,2,SD,,,71599.6,71599.6
HAL,2017,66728.082,2,SD,,,66728.082,66728.082
HAL,2018,75304.032,2,SD,,,75304.032,75304.032
HAL,2019,79441.89600000001,2,SD,,,79441.89600000001,79441.89600000001
HAL,2020,69794.658,2,SD,,,69794.658,69794.658
HAL,2021,63723.246,2,SD,,,63723.246,63723.246
HAL,2022,49752.126,2,SD,,,49752.126,49752.126
HAL,2023,53414.518,2,SD,,,53414.518,53414.518
HII,2010,78581.89,1,VA,,,78581.89,78581.89
HII,2011,83109.55,1,VA,,,83109.55,83109.55
HII,2012,125807.292,1,VA,,,125807.292,125807.292
HII,2013,96635.332,1,VA,,,96635.332,96635.332
HII,2014,78425.344,1,VA,,,78425.344,78425.344
HII,2015,81128.738,1,VA,,,81128.738,81128.738
HII,2016,94228.806,1,VA,,,94228.806,94228.806
HII,2017,55416.744,1,VA,,,55416.744,55416.744
HII,2018,57499.79,1,VA,,,57499.79,57499.79
HII,2019,55379.852,1,VA,,,55379.852,55379.852
HII,2020,58398.06,1,VA,,,58398.06,58398.06
HII,2021,83062.38,1,VA,,,83062.38,83062.38
HII,2022,71823.93,1,VA,,,71823.93,71823.93
HII,2023,49706.726,1,VA,,,49706.726,49706.726
HON,2010,4115952.212,5,LA,,,4115952.212,4115952.212
HON,2011,3951949.845,7,LA,5931000.0,2274000.0,3951949.845,6225949.845000001
HON,2012,3302227.3115,7,LA,5532844.0,1756275.0,3302227.3115,5058502.3115
HON,2013,1160352.3728042,7,LA,4346781.0,1760651.0,1160352.3728042,2921003.3728042003
HON,2014,1068180.8140999998,7,LA,,,1068180.8140999998,1068180.8140999998
HON,2015,990892.4294171,7,LA,,,990892.4294171,990892.4294171
HON,2016,670274.3458,7,LA,,,670274.3458,670274.3458
HON,2017,741415.402397,7,LA,,,741415.402397,741415.402397
HON,2018,867026.5419,7,LA,,,867026.5419,867026.5419
HON,2019,757095.4513,8,LA,,,757095.4513,757095.4513
HON,2020,723723.2355000001,8,LA,,,723723.2355000001,723723.2355000001
HON,2021,713795.3591969999,8,LA,,,713795.3591969999,713795.3591969999
HON,2022,582799.3261000001,8,LA,,,582799.3261000001,582799.3261000001
HON,2023,381602.9292,8,LA,,,381602.9292,381602.9292
HRL,2010,43497.15,1,MN,,,43497.15,43497.15
HRL,2011,46090.5,1,MN,,,46090.5,46090.5
HRL,2012,50597.384,1,MN,,,50597.384,50597.384
HRL,2013,53930.224,1,MN,,,53930.224,53930.224
HRL,2014,54946.27,1,MN,,,54946.27,54946.27
HRL,2015,54102.084,1,MN,,,54102.084,54102.084
HRL,2016,53933.296,1,MN,,,53933.296,53933.296
HRL,2017,50996.008,1,MN,,,50996.008,50996.008
HRL,2018,50575.06,1,MN,,,50575.06,50575.06
HRL,2019,61277.02,1,MN,,,61277.02,61277.02
HRL,2020,58895.028,1,MN,,,58895.028,58895.028
HRL,2021,65120.704,1,MN,,,65120.704,65120.704
HRL,2022,60619.372,1,MN,,,60619.372,60619.372
HRL,2023,58585.68,1,MN,,,58585.68,58585.68
HWM,2010,66769.24,1,OH,,,66769.24,66769.24
HWM,2011,71795.19,1,OH,,,71795.19,71795.19
HWM,2012,69260.84,1,OH,,,69260.84,69260.84
HWM,2013,71576.64,1,OH,,,71576.64,71576.64
HWM,2014,105021.61,2,CA,,,105021.61,105021.61
HWM,2015,104510.412,2,CA,,,104510.412,104510.412
HWM,2016,133016.85199999998,3,OH,,,133016.85199999998,133016.85199999998
HWM,2017,138043.884,3,OH,,,138043.884,138043.884
HWM,2018,145362.306,3,OH,,,145362.306,145362.306
HWM,2019,142704.966,3,OH,,,142704.966,142704.966
HWM,2020,121121.35,3,OH,,,121121.35,121121.35
HWM,2021,111014.586,3,OH,,,111014.586,111014.586
HWM,2022,116969.462,3,OH,,,116969.462,116969.462
HWM,2023,124137.594,3,OH,,,124137.594,124137.594
IFF,2010,331910.854,6,DE,,,331910.854,331910.854
IFF,2011,349753.97,6,DE,,,349753.97,349753.97
IFF,2012,344528.442,6,DE,,,344528.442,344528.442
IFF,2013,369997.57,7,DE,,,369997.57,369997.57
IFF,2014,369447.154,7,DE,,,369447.154,369447.154
IFF,2015,355697.27,7,DE,,,355697.27,355697.27
IFF,2016,344008.774,7,DE,,,344008.774,344008.774
IFF,2017,372075.66,7,DE,,,372075.66,372075.66
IFF,2018,370277.012,7,DE,,,370277.012,370277.012
IFF,2019,367392.438,7,DE,,,367392.438,367392.438
IFF,2020,398059.342,7,DE,,,398059.342,398059.342
IFF,2021,414732.596,7,DE,,,414732.596,414732.596
IFF,2022,378029.132,7,DE,,,378029.132,378029.132
IFF,2023,307088.216,7,DE,,,307088.216,307088.216
INTC,2010,102560.916,3,AZ,,,102560.916,102560.916
INTC,2011,627525.4661074,4,OR,1165284.0,1712724.0,627525.4661074,2340249.4661074
INTC,2012,603217.7080578,4,OR,885416.0,2214130.0,603217.7080578,2817347.7080578
INTC,2013,481043.5223564,4,OR,794759.0,2331048.0,481043.5223564,2812091.5223564
INTC,2014,799662.6904386,4,OR,,,799662.6904386,799662.6904386
INTC,2015,748047.4808189,4,OR,,,748047.4808189,748047.4808189
INTC,2016,698709.6433384,4,OR,,,698709.6433384,698709.6433384
INTC,2017,659284.670225,4,OR,,,659284.670225,659284.670225
INTC,2018,802451.5330354,4,OR,,,802451.5330354,802451.5330354
INTC,2019,779424.5337050001,4,OR,,,779424.5337050001,779424.5337050001
INTC,2020,1025057.805648,4,OR,,,1025057.805648,1025057.805648
INTC,2021,1188170.0674963,4,OR,,,1188170.0674963,1188170.0674963
INTC,2022,994834.6363107,4,OR,,,994834.6363107,994834.6363107
INTC,2023,790767.5444783,4,OR,,,790767.5444783,790767.5444783
IP,2010,5707517.798,22,AL,,,5707517.798,5707517.798
IP,2011,6622487.812,26,AL,8820000.0,4241000.0,6622487.812,10863487.811999999
IP,2012,6594806.954,27,AL,8500000.0,5100000.0,6594806.954,11694806.954
IP,2013,5938442.354,27,AL,10100000.0,5660000.0,5938442.354,11598442.354
IP,2014,5519180.596,27,AL,,,5519180.596,5519180.596
IP,2015,5736455.44,28,AL,,,5736455.44,5736455.44
IP,2016,5323939.772,28,AL,,,5323939.772,5323939.772
IP,2017,5204114.336,28,AL,,,5204114.336,5204114.336
IP,2018,5222694.536,28,AL,,,5222694.536,5222694.536
IP,2019,5341526.662,28,AL,,,5341526.662,5341526.662
IP,2020,5510188.134,28,AL,,,5510188.134,5510188.134
IP,2021,5711665.254,28,AL,,,5711665.254,5711665.254
IP,2022,5396214.598,28,AL,,,5396214.598,5396214.598
IP,2023,5404387.698,28,AL,,,5404387.698,5404387.698
ITW,2010,26522.228,1,TX,,,26522.228,26522.228
ITW,2011,27500.75,1,TX,,,27500.75,27500.75
ITW,2012,25753.32,1,TX,,,25753.32,25753.32
ITW,2013,25910.816,1,TX,,,25910.816,25910.816
ITW,2014,25797.582,1,TX,,,25797.582,25797.582
ITW,2015,26183.71,1,TX,,,26183.71,26183.71
ITW,2016,27500.34,1,TX,,,27500.34,27500.34
ITW,2017,31759.836,1,TX,,,31759.836,31759.836
ITW,2018,19562.676,1,TX,,,19562.676,19562.676
ITW,2019,18579.68,1,TX,,,18579.68,18579.68
ITW,2020,27291.048,1,TX,,,27291.048,27291.048
ITW,2021,24764.656,1,TX,,,24764.656,24764.656
ITW,2022,50999.908,1,TX,,,50999.908,50999.908
ITW,2023,35815.816,1,TX,,,35815.816,35815.816
KMB,2010,1270692.92,8,AL,,,1270692.92,1270692.92
KMB,2011,1262481.392,8,AL,2611787.0,3117027.0,1262481.392,4379508.392
KMB,2012,1318830.508,8,AL,2530334.0,3027447.0,1318830.508,4346277.507999999
KMB,2013,1127276.862,8,AL,2461675.0,2967804.0,1127276.862,4095080.8619999997
KMB,2014,1207199.032,8,AL,,,1207199.032,1207199.032
KMB,2015,1197543.176,8,AL,,,1197543.176,1197543.176
KMB,2016,1140815.588,8,AL,,,1140815.588,1140815.588
KMB,2017,1085990.528,8,AL,,,1085990.528,1085990.528
KMB,2018,1008382.714,8,AL,,,1008382.714,1008382.714
KMB,2019,1055676.862,8,AL,,,1055676.862,1055676.862
KMB,2020,1037284.954,8,AL,,,1037284.954,1037284.954
KMB,2021,1055658.44,8,AL,,,1055658.44,1055658.44
KMB,2022,1096577.776,8,AL,,,1096577.776,1096577.776
KMB,2023,1030421.266,8,AL,,,1030421.266,1030421.266
KMI,2010,3684322.174,67,TX,,,3684322.174,3684322.174
KMI,2011,5648804.448,86,TX,,,5648804.448,5648804.448
KMI,2012,5915606.55,104,TX,,,5915606.55,5915606.55
KMI,2013,6386533.118,109,TX,,,6386533.118,6386533.118
KMI,2014,6954173.376,123,TX,,,6954173.376,6954173.376
KMI,2015,7380668.904,127,TX,,,7380668.904,7380668.904
KMI,2016,7489749.432,132,TX,,,7489749.432,7489749.432
KMI,2017,7661444.104,135,TX,,,7661444.104,7661444.104
KMI,2018,7938745.74,138,TX,,,7938745.74,7938745.74
KMI,2019,9274642.898,155,TX,,,9274642.898,9274642.898
KMI,2020,8797578.434,165,TX,,,8797578.434,8797578.434
KMI,2021,9442313.532,173,TX,,,9442313.532,9442313.532
KMI,2022,9332402.15,173,TX,,,9332402.15,9332402.15
KMI,2023,9841200.2,176,TX,,,9841200.2,9841200.2
L,2010,1025642.736,16,LA,,,1025642.736,1025642.736
L,2011,1879615.754,27,LA,,,1879615.754,1879615.754
L,2012,2028730.14,28,LA,,,2028730.14,2028730.14
L,2013,1969570.266,29,LA,,,1969570.266,1969570.266
L,2014,1629021.568,29,LA,,,1629021.568,1629021.568
L,2015,1619584.618,32,LA,,,1619584.618,1619584.618
L,2016,1486621.776,31,LA,,,1486621.776,1486621.776
L,2017,2003009.802,34,LA,,,2003009.802,2003009.802
L,2018,2385862.406,35,LA,,,2385862.406,2385862.406
L,2019,2473113.132,36,LA,,,2473113.132,2473113.132
L,2020,2270029.342,38,LA,,,2270029.342,2270029.342
L,2021,2236600.176,39,LA,,,2236600.176,2236600.176
L,2022,1985244.204,40,LA,,,1985244.204,1985244.204
L,2023,1937140.466,41,LA,,,1937140.466,1937140.466
LIN,2010,3275984.934,11,TX,,,3275984.934,3275984.934
LIN,2011,3911731.916,12,TX,6700000.0,10200000.0,3911731.916,14111731.916000001
LIN,2012,3930796.8,12,TX,6100000.0,9800000.0,3930796.8,13730796.8
LIN,2013,4866192.802,14,TX,8000000.0,13000000.0,4866192.802,17866192.802
LIN,2014,6574294.284,14,TX,,,6574294.284,6574294.284
LIN,2015,6561178.224,15,TX,,,6561178.224,6561178.224
LIN,2016,6616390.168,15,TX,,,6616390.168,6616390.168
LIN,2017,7061897.392,15,TX,,,7061897.392,7061897.392
LIN,2018,6723157.228,15,TX,,,6723157.228,6723157.228
LIN,2019,6575903.56,15,TX,,,6575903.56,6575903.56
LIN,2020,6712352.524,17,TX,,,6712352.524,6712352.524
LIN,2021,8001995.164,18,TX,,,8001995.164,8001995.164
LIN,2022,8392022.744,18,TX,,,8392022.744,8392022.744
LIN,2023,8787322.32,18,TX,,,8787322.32,8787322.32
LLY,2010,24387.246,1,PR,,,24387.246,24387.246
LLY,2011,24287.596,1,PR,454521.0,1167098.0,24287.596,1191385.596
LLY,2012,24612.544,1,PR,409871.0,1119833.0,24612.544,1144445.544
LLY,2013,24766.89,1,PR,415040.0,1160941.0,24766.89,1185707.89
LLY,2014,23489.61,1,PR,,,23489.61,23489.61
LLY,2015,22933.956,1,PR,,,22933.956,22933.956
LLY,2016,27050.74,1,PR,,,27050.74,27050.74
LLY,2017,24884.628,1,PR,,,24884.628,24884.628
LLY,2018,24944.126,1,PR,,,24944.126,24944.126
LLY,2019,24082.844,1,PR,,,24082.844,24082.844
LLY,2020,23322.406,1,PR,,,23322.406,23322.406
LLY,2021,22454.672,1,PR,,,22454.672,22454.672
LLY,2022,40251.998,1,PR,,,40251.998,40251.998
LLY,2023,47574.076,1,PR,,,47574.076,47574.076
LMT,2010,78601.89,2,CT,,,78601.89,78601.89
LMT,2011,78084.07800000001,2,CT,309529.0,1011104.0,78084.07800000001,1089188.078
LMT,2012,89369.256,2,CT,249491.0,985006.0,89369.256,1074375.256
LMT,2013,91950.842,2,CT,241148.0,866684.0,91950.842,958634.842
LMT,2014,95263.066,2,CT,,,95263.066,95263.066
LMT,2015,92578.796,2,CT,,,92578.796,92578.796
LMT,2016,93220.49,2,CT,,,93220.49,93220.49
LMT,2017,96419.378,2,CT,,,96419.378,96419.378
LMT,2018,100602.144,2,CT,,,100602.144,100602.144
LMT,2019,95248.234,2,CT,,,95248.234,95248.234
LMT,2020,91957.702,2,CT,,,91957.702,91957.702
LMT,2021,95961.586,2,CT,,,95961.586,95961.586
LMT,2022,102743.324,2,CT,,,102743.324,102743.324
LMT,2023,95794.134,2,CT,,,95794.134,95794.134
LNT,2010,27760827.38,13,IA,,,27760827.38,27760827.38
LNT,2011,26503314.302,13,IA,,,26503314.302,26503314.302
LNT,2012,23804944.536,13,IA,,,23804944.536,23804944.536
LNT,2013,23481105.802,13,IA,,,23481105.802,23481105.802
LNT,2014,20594282.76,13,IA,,,20594282.76,20594282.76
LNT,2015,20143785.328,12,IA,,,20143785.328,20143785.328
LNT,2016,19236295.844,12,IA,,,19236295.844,19236295.844
LNT,2017,22883296.382,12,IA,,,22883296.382,22883296.382
LNT,2018,22881170.126,13,IA,,,22881170.126,22881170.126
LNT,2019,18311252.958,13,IA,,,18311252.958,18311252.958
LNT,2020,15472436.684,13,IA,,,15472436.684,15472436.684
LNT,2021,19849811.792,13,IA,,,19849811.792,19849811.792
LNT,2022,15256145.156,13,IA,,,15256145.156,15256145.156
LNT,2023,15518985.896,13,IA,,,15518985.896,15518985.896
LW,2010,327615.566,8,WA,,,327615.566,327615.566
LW,2011,352748.396,8,WA,,,352748.396,352748.396
LW,2012,368430.204,8,WA,,,368430.204,368430.204
LW,2013,362452.226,8,WA,,,362452.226,362452.226
LW,2014,368040.998,8,WA,,,368040.998,368040.998
LW,2015,372611.192,8,WA,,,372611.192,372611.192
LW,2016,395843.1,9,WA,,,395843.1,395843.1
LW,2017,400532.012,9,WA,,,400532.012,400532.012
LW,2018,404825.768,9,WA,,,404825.768,404825.768
LW,2019,441883.514,8,OR,,,441883.514,441883.514
LW,2020,442145.844,9,WA,,,442145.844,442145.844
LW,2021,429538.096,9,WA,,,429538.096,429538.096
LW,2022,448432.422,9,WA,,,448432.422,448432.422
LW,2023,413668.974,9,WA,,,413668.974,413668.974
LYB,2010,6882386.636,11,TX,,,6882386.636,6882386.636
LYB,2011,6893204.36,11,TX,,,6893204.36,6893204.36
LYB,2012,7206164.762,11,TX,,,7206164.762,7206164.762
LYB,2013,7407613.918,11,TX,,,7407613.918,7407613.918
LYB,2014,7371575.686,11,TX,,,7371575.686,7371575.686
LYB,2015,8165488.948,11,TX,,,8165488.948,8165488.948
LYB,2016,7143805.421999999,11,TX,,,7143805.421999999,7143805.421999999
LYB,2017,7426263.002,11,TX,,,7426263.002,7426263.002
LYB,2018,7828521.822,11,TX,,,7828521.822,7828521.822
LYB,2019,8031832.626,11,TX,,,8031832.626,8031832.626
LYB,2020,7701456.439999999,11,TX,,,7701456.439999999,7701456.439999999
LYB,2021,7838733.862,11,TX,,,7838733.862,7838733.862
LYB,2022,7703086.01,11,TX,,,7703086.01,7703086.01
LYB,2023,8041139.808,11,TX,,,8041139.808,8041139.808
MCHP,2011,581027.552439,3,AZ,,,581027.552439,581027.552439
MCHP,2012,413025.62269,3,AZ,,,413025.62269,413025.62269
MCHP,2013,370520.974692,3,AZ,,,370520.974692,370520.974692
MCHP,2014,509948.614609,3,AZ,,,509948.614609,509948.614609
MCHP,2015,445828.412424,3,AZ,,,445828.412424,445828.412424
MCHP,2016,420764.918142,3,AZ,,,420764.918142,420764.918142
MCHP,2017,476257.217416,3,AZ,,,476257.217416,476257.217416
MCHP,2018,504024.011773,3,AZ,,,504024.011773,504024.011773
MCHP,2019,408359.470611,3,AZ,,,408359.470611,408359.470611
MCHP,2020,329470.869183,3,AZ,,,329470.869183,329470.869183
MCHP,2021,407320.122309,3,AZ,,,407320.122309,407320.122309
MCHP,2022,417897.536461,3,AZ,,,417897.536461,417897.536461
MCHP,2023,472938.201976,3,AZ,,,472938.201976,472938.201976
MGM,2010,129746.92,1,NV,,,129746.92,129746.92
MGM,2011,130887.856,1,NV,,,130887.856,130887.856
MGM,2012,127726.768,1,NV,,,127726.768,127726.768
MGM,2013,133938.396,1,NV,,,133938.396,133938.396
MGM,2014,130349.06,1,NV,,,130349.06,130349.06
MGM,2015,132200.352,1,NV,,,132200.352,132200.352
MGM,2016,134521.544,1,NV,,,134521.544,134521.544
MGM,2017,128442.916,1,NV,,,128442.916,128442.916
MGM,2018,130246.06,1,NV,,,130246.06,130246.06
MGM,2019,138028.88,1,NV,,,138028.88,138028.88
MGM,2020,100925.82,1,NV,,,100925.82,100925.82
MGM,2021,112944.124,1,NV,,,112944.124,112944.124
MGM,2022,113633.872,1,NV,,,113633.872,113633.872
MGM,2023,110103.336,1,NV,,,110103.336,110103.336
MHK,2010,284529.916,6,GA,,,284529.916,284529.916
MHK,2011,285092.98600000003,6,GA,,,285092.98600000003,285092.98600000003
MHK,2012,285503.272,6,GA,,,285503.272,285503.272
MHK,2013,309649.8,6,GA,,,309649.8,309649.8
MHK,2014,317746.872,6,GA,,,317746.872,317746.872
MHK,2015,332769.206,6,GA,,,332769.206,332769.206
MHK,2016,337465.83400000003,6,GA,,,337465.83400000003,337465.83400000003
MHK,2017,386947.544,7,GA,,,386947.544,386947.544
MHK,2018,330331.792,7,GA,,,330331.792,330331.792
MHK,2019,322082.788,7,GA,,,322082.788,322082.788
MHK,2020,318280.352,7,GA,,,318280.352,318280.352
MHK,2021,333019.592,7,GA,,,333019.592,333019.592
MHK,2022,297304.432,7,GA,,,297304.432,297304.432
MHK,2023,292597.1,7,GA,,,292597.1,292597.1
MLM,2010,2902921.352,4,TX,,,2902921.352,2902921.352
MLM,2011,2704531.58,4,TX,,,2704531.58,2704531.58
MLM,2012,2997768.786,4,TX,,,2997768.786,2997768.786
MLM,2013,4115760.126,4,TX,,,4115760.126,4115760.126
MLM,2014,4221740.582,4,TX,,,4221740.582,4221740.582
MLM,2015,3750714.462,4,TX,,,3750714.462,3750714.462
MLM,2016,3858006.2,4,TX,,,3858006.2,3858006.2
MLM,2017,3729108.144,4,TX,,,3729108.144,3729108.144
MLM,2018,3763179.79,4,TX,,,3763179.79,3763179.79
MLM,2019,3939577.874,4,TX,,,3939577.874,3939577.874
MLM,2020,3928503.108,4,TX,,,3928503.108,3928503.108
MLM,2021,4170425.2,4,TX,,,4170425.2,4170425.2
MLM,2022,4009757.346,4,TX,,,4009757.346,4009757.346
MLM,2023,3999044.162,4,TX,,,3999044.162,3999044.162
MMM,2010,390399.0,10,MN,,,390399.0,390399.0
MMM,2011,1780004.39132115,10,MN,4300000.0,1950000.0,1780004.39132115,3730004.3913211497
MMM,2012,1850376.9949,10,MN,4060000.0,2030000.0,1850376.9949,3880376.9949000003
MMM,2013,2682999.5358,10,MN,4540000.0,2230000.0,2682999.5358,4912999.535800001
MMM,2014,1626223.37872,10,MN,,,1626223.37872,1626223.37872
MMM,2015,1244911.933834,10,MN,,,1244911.933834,1244911.933834
MMM,2016,1041918.94496,10,MN,,,1041918.94496,1041918.94496
MMM,2017,1071428.590372,10,MN,,,1071428.590372,1071428.590372
MMM,2018,1166836.604404,11,MN,,,1166836.604404,1166836.604404
MMM,2019,1212019.355115,11,MN,,,1212019.355115,1212019.355115
MMM,2020,1066631.228309,11,MN,,,1066631.228309,1066631.228309
MMM,2021,1113367.274187,11,MN,,,1113367.274187,1113367.274187
MMM,2022,1034537.637396,11,MN,,,1034537.637396,1034537.637396
MMM,2023,1007143.688924,11,MN,,,1007143.688924,1007143.688924
MO,2010,183880.042,2,VA,,,183880.042,183880.042
MO,2011,198994.628,2,VA,273437.0,251194.0,198994.628,450188.628
MO,2012,221464.74200000003,2,VA,279395.0,267808.0,221464.74200000003,489272.742
MO,2013,203190.308,2,VA,283926.0,236169.0,203190.308,439359.30799999996
MO,2014,120870.83,2,VA,,,120870.83,120870.83
MO,2015,110805.636,2,VA,,,110805.636,110805.636
MO,2016,93323.6,2,VA,,,93323.6,93323.6
MO,2017,91422.356,2,VA,,,91422.356,91422.356
MO,2018,92514.752,2,VA,,,92514.752,92514.752
MO,2019,87832.068,2,VA,,,87832.068,87832.068
MO,2020,76442.01000000001,2,VA,,,76442.01000000001,76442.01000000001
MO,2021,75328.216,2,VA,,,75328.216,75328.216
MO,2022,72567.758,2,VA,,,72567.758,72567.758
MO,2023,66467.196,2,VA,,,66467.196,66467.196
MPC,2010,26920850.944,16,CA,,,26920850.944,26920850.944
MPC,2011,28005496.226,19,CA,,,28005496.226,28005496.226
MPC,2012,28183145.172,19,CA,,,28183145.172,28183145.172
MPC,2013,28234498.788,19,CA,,,28234498.788,28234498.788
MPC,2014,30743963.3,21,ND,,,30743963.3,30743963.3
MPC,2015,30407483.65,21,ND,,,30407483.65,30407483.65
MPC,2016,30930483.208,22,ND,,,30930483.208,30930483.208
MPC,2017,30918600.244,22,ND,,,30918600.244,30918600.244
MPC,2018,30879745.148,22,ND,,,30879745.148,30879745.148
MPC,2019,31314911.63,22,ND,,,31314911.63,31314911.63
MPC,2020,26982311.744,22,ND,,,26982311.744,26982311.744
MPC,2021,27646298.13,22,ND,,,27646298.13,27646298.13
MPC,2022,28850572.412,22,ND,,,28850572.412,28850572.412
MPC,2023,28465167.048,22,ND,,,28465167.048,28465167.048
MRK,2010,383703.75,3,NJ,,,383703.75,383703.75
MRK,2011,417766.254,3,NJ,1046881.0,1028780.0,417766.254,1446546.254
MRK,2012,410315.332,3,NJ,1135597.0,951450.0,410315.332,1361765.332
MRK,2013,424367.51,3,NJ,1053000.0,927000.0,424367.51,1351367.51
MRK,2014,421291.544,3,NJ,,,421291.544,421291.544
MRK,2015,398961.058,3,NJ,,,398961.058,398961.058
MRK,2016,359855.176,3,NJ,,,359855.176,359855.176
MRK,2017,356362.438,3,NJ,,,356362.438,356362.438
MRK,2018,387918.212,3,NJ,,,387918.212,387918.212
MRK,2019,368932.926,3,NJ,,,368932.926,368932.926
MRK,2020,365666.32,3,NJ,,,365666.32,365666.32
MRK,2021,373974.924,3,NJ,,,373974.924,373974.924
MRK,2022,374799.248,3,NJ,,,374799.248,374799.248
MRK,2023,365529.704,3,NJ,,,365529.704,365529.704
MU,2010,33715.372,1,ID,,,33715.372,33715.372
MU,2011,404837.8697922,2,ID,,,404837.8697922,404837.8697922
MU,2012,392888.3489883,2,ID,,,392888.3489883,392888.3489883
MU,2013,391160.2016457,2,ID,,,391160.2016457,391160.2016457
MU,2014,304312.0682204,2,ID,,,304312.0682204,304312.0682204
MU,2015,351831.1378391,2,ID,,,351831.1378391,351831.1378391
MU,2016,370390.0983108,2,ID,,,370390.0983108,370390.0983108
MU,2017,333890.1463713,2,ID,,,333890.1463713,333890.1463713
MU,2018,370552.6789213,2,ID,,,370552.6789213,370552.6789213
MU,2019,320805.6882669,2,ID,,,320805.6882669,320805.6882669
MU,2020,335820.1066992,2,ID,,,335820.1066992,335820.1066992
MU,2021,311443.0330268,2,ID,,,311443.0330268,311443.0330268
MU,2022,325147.6245568,2,ID,,,325147.6245568,325147.6245568
MU,2023,303884.3484487,2,ID,,,303884.3484487,303884.3484487
NEE,2010,41725271.104,17,FL,,,41725271.104,41725271.104
NEE,2011,39556880.268,17,FL,,,39556880.268,39556880.268
NEE,2012,40132090.316,17,FL,,,40132090.316,40132090.316
NEE,2013,36737221.446,17,FL,,,36737221.446,36737221.446
NEE,2014,38896715.708,17,FL,,,38896715.708,38896715.708
NEE,2015,41591387.562,17,FL,,,41591387.562,41591387.562
NEE,2016,39611336.682,17,FL,,,39611336.682,39611336.682
NEE,2017,39928764.12,17,FL,,,39928764.12,39928764.12
NEE,2018,40469265.176,17,FL,,,40469265.176,40469265.176
NEE,2019,39884103.406,18,FL,,,39884103.406,39884103.406
NEE,2020,39143181.06,18,FL,,,39143181.06,39143181.06
NEE,2021,37402116.184,18,FL,,,37402116.184,37402116.184
NEE,2022,38865849.152,18,FL,,,38865849.152,38865849.152
NEE,2023,40497897.718,18,FL,,,40497897.718,40497897.718
NEM,2010,1586735.462,2,NV,,,1586735.462,1586735.462
NEM,2011,1599103.1160000002,2,NV,4414205.63,1145553.1,1599103.1160000002,2744656.216
NEM,2012,1429076.942,2,NV,4016150.0,1182740.0,1429076.942,2611816.942
NEM,2013,1705701.12,2,NV,4402779.5,1205633.1,1705701.12,2911334.22
NEM,2014,1607922.266,2,NV,,,1607922.266,1607922.266
NEM,2015,1196928.468,2,NV,,,1196928.468,1196928.468
NEM,2016,1211787.47,2,NV,,,1211787.47,1211787.47
NEM,2017,1310331.372,2,NV,,,1310331.372,1310331.372
NEM,2018,1402362.4300000002,2,NV,,,1402362.4300000002,1402362.4300000002
NEM,2019,1430642.4279999998,2,NV,,,1430642.4279999998,1430642.4279999998
NEM,2020,1513968.59,2,NV,,,1513968.59,1513968.59
NEM,2021,1766518.36,2,NV,,,1766518.36,1766518.36
NEM,2022,1678632.138,2,NV,,,1678632.138,1678632.138
NEM,2023,1393004.114,2,NV,,,1393004.114,1393004.114
NI,2010,13684556.196,3,IN,,,13684556.196,13684556.196
NI,2011,12499295.046,3,IN,,,12499295.046,12499295.046
NI,2012,10446558.086,3,IN,,,10446558.086,10446558.086
NI,2013,11549376.736,3,IN,,,11549376.736,11549376.736
NI,2014,12274931.726,3,IN,,,12274931.726,12274931.726
NI,2015,9229340.936,3,IN,,,9229340.936,9229340.936
NI,2016,8584842.136,3,IN,,,8584842.136,8584842.136
NI,2017,8639516.018,3,IN,,,8639516.018,8639516.018
NI,2018,11343539.878,3,IN,,,11343539.878,11343539.878
NI,2019,9246535.118,3,IN,,,9246535.118,9246535.118
NI,2020,6332965.464,3,IN,,,6332965.464,6332965.464
NI,2021,7225515.304,3,IN,,,7225515.304,7225515.304
NI,2022,5429819.056,3,IN,,,5429819.056,5429819.056
NI,2023,4456754.266,3,IN,,,4456754.266,4456754.266
NOC,2010,75800.88,2,UT,,,75800.88,75800.88
NOC,2011,67908.302,2,UT,154642.0,537934.0,67908.302,605842.302
NOC,2012,69612.906,2,UT,135360.0,484309.0,69612.906,553921.906
NOC,2013,74231.658,2,UT,148787.0,462419.0,74231.658,536650.658
NOC,2014,71617.912,2,UT,,,71617.912,71617.912
NOC,2015,52084.31,2,UT,,,52084.31,52084.31
NOC,2016,64879.568,2,UT,,,64879.568,64879.568
NOC,2017,69278.02799999999,2,UT,,,69278.02799999999,69278.02799999999
NOC,2018,70610.63,2,UT,,,70610.63,70610.63
NOC,2019,74807.20199999999,2,UT,,,74807.20199999999,74807.20199999999
NOC,2020,76084.40400000001,2,UT,,,76084.40400000001,76084.40400000001
NOC,2021,99352.47,3,CA,,,99352.47,99352.47
NOC,2022,102901.802,3,CA,,,102901.802,102901.802
NOC,2023,110192.278,3,CA,,,110192.278,110192.278
NRG,2010,57416424.166,14,TX,,,57416424.166,57416424.166
NRG,2011,59987474.807,14,TX,,,59987474.807,59987474.807
NRG,2012,50479255.677,14,TX,,,50479255.677,50479255.677
NRG,2013,54315513.893,14,TX,,,54315513.893,54315513.893
NRG,2014,51236050.399,14,TX,,,51236050.399,51236050.399
NRG,2015,45085073.044,14,TX,,,45085073.044,45085073.044
NRG,2016,35192191.925,14,TX,,,35192191.925,35192191.925
NRG,2017,36104016.852,14,TX,,,36104016.852,36104016.852
NRG,2018,34630912.158,14,TX,,,34630912.158,34630912.158
NRG,2019,30604658.687,14,TX,,,30604658.687,30604658.687
NRG,2020,22729880.604,14,TX,,,22729880.604,22729880.604
NRG,2021,30935770.066,14,TX,,,30935770.066,30935770.066
NRG,2022,32495990.204,14,TX,,,32495990.204,32495990.204
NRG,2023,22723329.304,14,TX,,,22723329.304,22723329.304
NUE,2010,3842719.494,19,AL,,,3842719.494,3842719.494
NUE,2011,4110644.456,19,AL,17000000.0,1800000.0,4110644.456,5910644.456
NUE,2012,4215081.856,19,AL,19000000.0,2000000.0,4215081.856,6215081.856
NUE,2013,3972718.532,19,AL,19000000.0,2200000.0,3972718.532,6172718.532
NUE,2014,4398927.45,20,AL,,,4398927.45,4398927.45
NUE,2015,4375970.432,20,AL,,,4375970.432,4375970.432
NUE,2016,5176878.584,21,AL,,,5176878.584,5176878.584
NUE,2017,5033658.626,21,AL,,,5033658.626,5033658.626
NUE,2018,5713766.014,22,AL,,,5713766.014,5713766.014
NUE,2019,5499054.414,22,AL,,,5499054.414,5499054.414
NUE,2020,5568894.762,23,AL,,,5568894.762,5568894.762
NUE,2021,5681066.0,24,AL,,,5681066.0,5681066.0
NUE,2022,5178040.152,24,AL,,,5178040.152,5178040.152
NUE,2023,5386353.79,25,AL,,,5386353.79,5386353.79
NXPI,2011,79380.570206,1,TX,,,79380.570206,79380.570206
NXPI,2012,71019.4982213,1,TX,,,71019.4982213,71019.4982213
NXPI,2013,80167.2379222,1,TX,,,80167.2379222,80167.2379222
NXPI,2014,99365.650139,1,TX,,,99365.650139,99365.650139
NXPI,2015,88105.325742,1,TX,,,88105.325742,88105.325742
NXPI,2016,98168.201802,1,TX,,,98168.201802,98168.201802
NXPI,2017,94837.1051831,1,TX,,,94837.1051831,94837.1051831
NXPI,2018,96619.089981,1,TX,,,96619.089981,96619.089981
NXPI,2019,72079.054845,1,TX,,,72079.054845,72079.054845
NXPI,2020,60162.2241617,1,TX,,,60162.2241617,60162.2241617
NXPI,2021,70161.1074116,1,TX,,,70161.1074116,70161.1074116
NXPI,2022,86401.168118,1,TX,,,86401.168118,86401.168118
NXPI,2023,77528.052339,1,TX,,,77528.052339,77528.052339
ODFL,2010,6840601.122,3,VA,,,6840601.122,6840601.122
ODFL,2011,5430916.024,3,VA,,,5430916.024,5430916.024
ODFL,2012,4588269.54,3,VA,,,4588269.54,4588269.54
ODFL,2013,6101320.28,3,VA,,,6101320.28,6101320.28
ODFL,2014,6032124.742000001,3,VA,,,6032124.742000001,6032124.742000001
ODFL,2015,6084344.874,3,VA,,,6084344.874,6084344.874
ODFL,2016,6039018.306,3,VA,,,6039018.306,6039018.306
ODFL,2017,3817437.134,3,VA,,,3817437.134,3817437.134
ODFL,2018,5148351.966,4,VA,,,5148351.966,5148351.966
ODFL,2019,3289223.37,4,VA,,,3289223.37,3289223.37
ODFL,2020,2971750.94,4,VA,,,2971750.94,2971750.94
ODFL,2021,2926826.298,4,VA,,,2926826.298,2926826.298
ODFL,2022,2519261.022,4,VA,,,2519261.022,2519261.022
ODFL,2023,2222066.18,4,VA,,,2222066.18,2222066.18
OKE,2010,692054.9920000001,8,OK,,,692054.9920000001,692054.9920000001
OKE,2011,899714.22,9,OK,,,899714.22,899714.22
OKE,2012,1046267.464,10,OK,,,1046267.464,1046267.464
OKE,2013,1195063.718,11,ND,,,1195063.718,1195063.718
OKE,2014,1225581.958,14,OK,,,1225581.958,1225581.958
OKE,2015,1372117.186,14,OK,,,1372117.186,1372117.186
OKE,2016,1343066.738,16,ND,,,1343066.738,1343066.738
OKE,2017,1567416.582,16,ND,,,1567416.582,1567416.582
OKE,2018,1669676.842,16,ND,,,1669676.842,1669676.842
OKE,2019,1845483.248,19,ND,,,1845483.248,1845483.248
OKE,2020,1861841.038,21,ND,,,1861841.038,1861841.038
OKE,2021,1871971.142,21,ND,,,1871971.142,1871971.142
OKE,2022,1876253.436,22,ND,,,1876253.436,1876253.436
OKE,2023,2049708.196,24,ND,,,2049708.196,2049708.196
OXY,2010,6745353.382,24,TX,,,6745353.382,6745353.382
OXY,2011,7251183.978,25,TX,11200000.0,6600000.0,7251183.978,13851183.978
OXY,2012,7510473.126,25,TX,12200000.0,6900000.0,7510473.126,14410473.126
OXY,2013,7320736.764,26,TX,14270000.0,5600000.0,7320736.764,12920736.764
OXY,2014,7390778.600000001,26,TX,,,7390778.600000001,7390778.600000001
OXY,2015,7237117.526,27,TX,,,7237117.526,7237117.526
OXY,2016,7509361.176,28,TX,,,7509361.176,7509361.176
OXY,2017,7492100.452,28,TX,,,7492100.452,7492100.452
OXY,2018,7434803.034,28,TX,,,7434803.034,7434803.034
OXY,2019,8121255.376,28,TX,,,8121255.376,8121255.376
OXY,2020,7648135.176,28,TX,,,7648135.176,7648135.176
OXY,2021,6903491.154,28,TX,,,6903491.154,6903491.154
OXY,2022,7707099.992,29,TX,,,7707099.992,7707099.992
OXY,2023,7755373.004000001,29,TX,,,7755373.004000001,7755373.004000001
PCG,2010,1881516.0535483137,8,CA,,,1881516.0535483137,1881516.0535483137
PCG,2011,2288634.688245328,9,CA,3218256.0,997983.0,2288634.688245328,3286617.688245328
PCG,2012,2805348.108,10,CA,3618015.0,1138434.0,2805348.108,3943782.108
PCG,2013,2682252.35,10,CA,,,2682252.35,2682252.35
PCG,2014,2733222.142,10,CA,,,2733222.142,2733222.142
PCG,2015,3227203.702,10,CA,,,3227203.702,3227203.702
PCG,2016,2539607.69,10,CA,,,2539607.69,2539607.69
PCG,2017,2539674.482,10,CA,,,2539674.482,2539674.482
PCG,2018,2798110.252,10,CA,,,2798110.252,2798110.252
PCG,2019,2818268.232,10,CA,,,2818268.232,2818268.232
PCG,2020,2853553.754,10,CA,,,2853553.754,2853553.754
PCG,2021,2792361.336,10,CA,,,2792361.336,2792361.336
PCG,2022,2440538.582,10,CA,,,2440538.582,2440538.582
PCG,2023,2923279.1920000003,10,CA,,,2923279.1920000003,2923279.1920000003
PEG,2022,188.7,1,NJ,,,188.7,188.7
PEG,2023,146.3,1,NJ,,,146.3,146.3
PEP,2010,237385.496,5,CA,,,237385.496,237385.496
PEP,2011,253054.158,6,CA,3980007.0,2016774.0,253054.158,2269828.158
PEP,2012,235920.954,6,CA,3854784.0,1928490.0,235920.954,2164410.954
PEP,2013,235039.24,6,CA,3823000.0,1958000.0,235039.24,2193039.24
PEP,2014,242903.236,6,CA,,,242903.236,242903.236
PEP,2015,242571.438,6,CA,,,242571.438,242571.438
PEP,2016,268014.424,7,CA,,,268014.424,268014.424
PEP,2017,235006.73,7,CA,,,235006.73,235006.73
PEP,2018,249714.712,7,CA,,,249714.712,249714.712
PEP,2019,252891.796,7,CA,,,252891.796,252891.796
PEP,2020,304386.104,9,CA,,,304386.104,304386.104
PEP,2021,331177.204,10,CA,,,331177.204,331177.204
PEP,2022,321750.288,10,CA,,,321750.288,321750.288
PEP,2023,317942.602,10,CA,,,317942.602,317942.602
PFE,2010,310940.71400000004,3,CT,,,310940.71400000004,310940.71400000004
PFE,2011,303342.322,3,CT,1459943.0,1247985.0,303342.322,1551327.322
PFE,2012,259586.998,3,CT,1402528.0,1256664.0,259586.998,1516250.998
PFE,2013,256304.152,3,CT,1217736.0,1155762.0,256304.152,1412066.152
PFE,2014,262071.252,3,CT,,,262071.252,262071.252
PFE,2015,273322.656,3,CT,,,273322.656,273322.656
PFE,2016,242049.494,3,CT,,,242049.494,242049.494
PFE,2017,239173.396,3,CT,,,239173.396,239173.396
PFE,2018,249070.268,3,CT,,,249070.268,249070.268
PFE,2019,252419.188,3,CT,,,252419.188,252419.188
PFE,2020,250188.172,3,CT,,,250188.172,250188.172
PFE,2021,229600.13,3,CT,,,229600.13,229600.13
PFE,2022,233546.144,3,CT,,,233546.144,233546.144
PFE,2023,225796.41,3,CT,,,225796.41,225796.41
PG,2010,1838595.04,7,CA,,,1838595.04,1838595.04
PG,2011,1890243.69,8,CA,2795000.0,3109000.0,1890243.69,4999243.6899999995
PG,2012,1769599.672,8,CA,2906000.0,2923299.0,1769599.672,4692898.672
PG,2013,1857483.9,8,CA,2799000.0,3028000.0,1857483.9,4885483.9
PG,2014,1869659.716,9,CA,,,1869659.716,1869659.716
PG,2015,1822953.222,9,CA,,,1822953.222,1822953.222
PG,2016,1683797.212,9,CA,,,1683797.212,1683797.212
PG,2017,1716948.93,9,CA,,,1716948.93,1716948.93
PG,2018,1750174.966,9,CA,,,1750174.966,1750174.966
PG,2019,1775259.694,10,OH,,,1775259.694,1775259.694
PG,2020,1857717.774,10,OH,,,1857717.774,1857717.774
PG,2021,1781503.81,9,OH,,,1781503.81,1781503.81
PG,2022,1740561.506,10,OH,,,1740561.506,1740561.506
PG,2023,1676103.744,10,OH,,,1676103.744,1676103.744
PNW,2010,9786732.26,6,AZ,,,9786732.26,9786732.26
PNW,2011,10221941.474,6,AZ,,,10221941.474,10221941.474
PNW,2012,10739590.66,6,AZ,,,10739590.66,10739590.66
PNW,2013,10021383.332,6,AZ,,,10021383.332,10021383.332
PNW,2014,9874410.012,6,AZ,,,9874410.012,9874410.012
PNW,2015,9064855.798,6,AZ,,,9064855.798,9064855.798
PNW,2016,6284055.156,6,AZ,,,6284055.156,6284055.156
PNW,2017,7820201.726,6,AZ,,,7820201.726,7820201.726
PNW,2018,7585388.825999999,6,AZ,,,7585388.825999999,7585388.825999999
PNW,2019,7024717.628,6,AZ,,,7024717.628,7024717.628
PNW,2020,8301396.802,6,AZ,,,8301396.802,8301396.802
PNW,2021,6289766.757999999,6,AZ,,,6289766.757999999,6289766.757999999
PNW,2022,6354808.421999999,6,AZ,,,6354808.421999999,6354808.421999999
PNW,2023,5905134.813999999,6,AZ,,,5905134.813999999,5905134.813999999
PPG,2010,107859.26,2,CA,,,107859.26,107859.26
PPG,2011,113787.306,2,CA,3954000.0,1720000.0,113787.306,1833787.306
PPG,2012,108379.424,2,CA,4053000.0,1810000.0,108379.424,1918379.424
PPG,2013,206789.888,3,CA,1122000.0,943000.0,206789.888,1149789.888
PPG,2014,221690.552,3,CA,,,221690.552,221690.552
PPG,2015,214357.228,3,CA,,,214357.228,214357.228
PPG,2016,112494.768,2,LA,,,112494.768,112494.768
PPG,2017,161061.13,2,LA,,,161061.13,161061.13
PPG,2018,136937.66999999998,2,LA,,,136937.66999999998,136937.66999999998
PPG,2019,145589.982,2,LA,,,145589.982,145589.982
PPG,2020,91902.706,2,LA,,,91902.706,91902.706
PPG,2021,101330.31,2,LA,,,101330.31,101330.31
PPG,2022,109908.678,2,LA,,,109908.678,109908.678
PPG,2023,198602.998,3,CA,,,198602.998,198602.998
PPL,2010,32610146.476,6,KY,,,32610146.476,32610146.476
PPL,2011,33916124.254,6,KY,,,33916124.254,33916124.254
PPL,2012,32469312.886,6,KY,,,32469312.886,32469312.886
PPL,2013,33844146.344,6,KY,,,33844146.344,33844146.344
PPL,2014,33792724.414,6,KY,,,33792724.414,33792724.414
PPL,2015,31362261.082,6,KY,,,31362261.082,31362261.082
PPL,2016,30534361.242,6,KY,,,30534361.242,30534361.242
PPL,2017,30176881.826,6,KY,,,30176881.826,30176881.826
PPL,2018,31252571.294,6,KY,,,31252571.294,31252571.294
PPL,2019,28455340.83,6,KY,,,28455340.83,28455340.83
PPL,2020,26909049.474,6,KY,,,26909049.474,26909049.474
PPL,2021,28314375.756,6,KY,,,28314375.756,28314375.756
PPL,2022,28754130.992,6,KY,,,28754130.992,28754130.992
PPL,2023,26771409.22,6,KY,,,26771409.22,26771409.22
PSX,2010,25762097.278,39,TX,,,25762097.278,25762097.278
PSX,2011,27492123.549,40,TX,,,27492123.549,27492123.549
PSX,2012,27103070.865,40,TX,,,27103070.865,27103070.865
PSX,2013,27921481.216,41,TX,,,27921481.216,27921481.216
PSX,2014,28186725.978,42,TX,,,28186725.978,28186725.978
PSX,2015,29008211.53103,45,TX,,,29008211.53103,29008211.53103
PSX,2016,30808286.356,47,TX,,,30808286.356,30808286.356
PSX,2017,29584250.442,47,TX,,,29584250.442,29584250.442
PSX,2018,31091401.98,47,TX,,,31091401.98,31091401.98
PSX,2019,31965008.368,48,TX,,,31965008.368,31965008.368
PSX,2020,28795278.14,49,TX,,,28795278.14,28795278.14
PSX,2021,29662814.408,51,TX,,,29662814.408,29662814.408
PSX,2022,29380637.354,51,TX,,,29380637.354,29380637.354
PSX,2023,29290253.92,51,TX,,,29290253.92,29290253.92
QCOM,2010,26939.548,1,CA,,,26939.548,26939.548
QCOM,2011,27219.796,1,CA,57713.0,39824.0,27219.796,67043.796
QCOM,2012,28773.892,1,CA,63300.3,50614.8,28773.892,79388.69200000001
QCOM,2013,51019.208,2,CA,64782.0,49216.0,51019.208,100235.208
QCOM,2014,58083.48,2,CA,,,58083.48,58083.48
QCOM,2015,59834.576,2,CA,,,59834.576,59834.576
QCOM,2016,66315.25200000001,2,CA,,,66315.25200000001,66315.25200000001
QCOM,2017,62195.164,2,CA,,,62195.164,62195.164
QCOM,2018,64571.856,2,CA,,,64571.856,64571.856
QCOM,2019,62144.22,2,CA,,,62144.22,62144.22
QCOM,2020,62487.216,2,CA,,,62487.216,62487.216
QCOM,2021,62333.664,2,CA,,,62333.664,62333.664
QCOM,2022,61074.468,2,CA,,,61074.468,61074.468
QCOM,2023,48566.816,2,CA,,,48566.816,48566.816
RSG,2010,16060158.05975,170,TX,,,16060158.05975,16060158.05975
RSG,2011,14568672.49515,170,TX,,,14568672.49515,14568672.49515
RSG,2012,14027375.3195,170,TX,,,14027375.3195,14027375.3195
RSG,2013,12565784.368,172,TX,,,12565784.368,12565784.368
RSG,2014,12050235.214,171,TX,,,12050235.214,12050235.214
RSG,2015,11661283.53,171,TX,,,11661283.53,11661283.53
RSG,2016,10994714.74,172,TX,,,10994714.74,10994714.74
RSG,2017,10804978.806,173,TX,,,10804978.806,10804978.806
RSG,2018,10508051.488,174,TX,,,10508051.488,10508051.488
RSG,2019,11146071.968,175,TX,,,11146071.968,11146071.968
RSG,2020,10807786.086,175,TX,,,10807786.086,10807786.086
RSG,2021,10688525.72,177,TX,,,10688525.72,10688525.72
RSG,2022,10864346.808,177,TX,,,10864346.808,10864346.808
RSG,2023,10721712.294,177,TX,,,10721712.294,10721712.294
RTX,2010,181890.808,3,CT,,,181890.808,181890.808
RTX,2011,154410.94199999998,3,CT,,,154410.94199999998,154410.94199999998
RTX,2012,172470.224,4,CT,,,172470.224,172470.224
RTX,2013,177697.612,4,CT,,,177697.612,177697.612
RTX,2014,146585.472,4,CT,,,146585.472,146585.472
RTX,2015,134238.364,4,CT,,,134238.364,134238.364
RTX,2016,138203.766,4,CT,,,138203.766,138203.766
RTX,2017,144300.93,4,CT,,,144300.93,144300.93
RTX,2018,160067.038,4,CT,,,160067.038,160067.038
RTX,2019,163595.928,4,CT,,,163595.928,163595.928
RTX,2020,156351.20799999998,4,CT,,,156351.20799999998,156351.20799999998
RTX,2021,173380.69,4,CT,,,173380.69,173380.69
RTX,2022,148676.422,4,CT,,,148676.422,148676.422
RTX,2023,172793.28999999998,4,CT,,,172793.28999999998,172793.28999999998
SO,2010,81985183.36,36,AL,,,81985183.36,81985183.36
SO,2011,71510993.9,42,AL,132000000.0,,71510993.9,71510993.9
SO,2012,69159231.602,45,AL,121000000.0,,69159231.602,69159231.602
SO,2013,69245877.724,45,AL,,,69245877.724,69245877.724
SO,2014,76807978.712,46,AL,,,76807978.712,76807978.712
SO,2015,73497690.212,48,AL,,,73497690.212,73497690.212
SO,2016,71168365.068,48,AL,,,71168365.068,71168365.068
SO,2017,68617536.727,47,AL,,,68617536.727,68617536.727
SO,2018,70431255.687,47,AL,,,70431255.687,70431255.687
SO,2019,69488351.24,47,AL,,,69488351.24,69488351.24
SO,2020,61651316.788,47,AL,,,61651316.788,61651316.788
SO,2021,62952277.609,47,AL,,,62952277.609,62952277.609
SO,2022,64640880.646,48,AL,,,64640880.646,64640880.646
SO,2023,62758846.596,48,AL,,,62758846.596,62758846.596
SRE,2010,2489862.772,4,CA,,,2489862.772,2489862.772
SRE,2011,2065351.542,5,CA,,,2065351.542,2065351.542
SRE,2012,2242040.824,6,CA,,,2242040.824,2242040.824
SRE,2013,2670066.54,6,CA,,,2670066.54,2670066.54
SRE,2014,1773247.38,6,CA,,,1773247.38,1773247.38
SRE,2015,2197991.282,6,CA,,,2197991.282,2197991.282
SRE,2016,1568316.03,6,CA,,,1568316.03,1568316.03
SRE,2017,1608149.992,6,CA,,,1608149.992,1608149.992
SRE,2018,1582994.144,6,CA,,,1582994.144,1582994.144
SRE,2019,2070281.498,7,CA,,,2070281.498,2070281.498
SRE,2020,4539440.948,8,CA,,,4539440.948,4539440.948
SRE,2021,4144405.154,8,CA,,,4144405.154,4144405.154
SRE,2022,4463667.723999999,8,CA,,,4463667.723999999,4463667.723999999
SRE,2023,3952999.27,8,CA,,,3952999.27,3952999.27
STLD,2010,1798570.344,7,IN,,,1798570.344,1798570.344
STLD,2011,1847495.16,7,IN,,,1847495.16,1847495.16
STLD,2012,1877006.476,7,IN,,,1877006.476,1877006.476
STLD,2013,2022064.038,7,IN,,,2022064.038,2022064.038
STLD,2014,2226324.562,7,IN,,,2226324.562,2226324.562
STLD,2015,1981032.072,7,IN,,,1981032.072,1981032.072
STLD,2016,2104040.172,7,IN,,,2104040.172,2104040.172
STLD,2017,2079460.524,7,IN,,,2079460.524,2079460.524
STLD,2018,2300322.628,9,IN,,,2300322.628,2300322.628
STLD,2019,2196141.732,9,IN,,,2196141.732,2196141.732
STLD,2020,2254623.4760000003,9,IN,,,2254623.4760000003,2254623.4760000003
STLD,2021,2318877.288,10,IN,,,2318877.288,2318877.288
STLD,2022,2529050.78,11,IN,,,2529050.78,2529050.78
STLD,2023,2569896.58,11,IN,,,2569896.58,2569896.58
SWKS,2011,34378.841,1,MA,,,34378.841,34378.841
SWKS,2012,43023.099,1,MA,,,43023.099,43023.099
SWKS,2013,38541.107,1,MA,,,38541.107,38541.107
SWKS,2014,36003.37,1,MA,,,36003.37,36003.37
SWKS,2015,39304.144,1,MA,,,39304.144,39304.144
SWKS,2016,39972.45,1,MA,,,39972.45,39972.45
SWKS,2017,44483.733985,1,MA,,,44483.733985,44483.733985
SWKS,2018,40508.017379,1,MA,,,40508.017379,40508.017379
SWKS,2019,33708.065182,1,MA,,,33708.065182,33708.065182
SWKS,2020,32848.104591,1,MA,,,32848.104591,32848.104591
SWKS,2021,42201.42397,1,MA,,,42201.42397,42201.42397
SWKS,2022,35693.24597,1,MA,,,35693.24597,35693.24597
SWKS,2023,24116.71997,1,MA,,,24116.71997,24116.71997
TAP,2010,920284.494,5,CO,,,920284.494,920284.494
TAP,2011,891554.754,5,CO,426879.0,466467.0,891554.754,1358021.754
TAP,2012,832077.5900000001,5,CO,380118.0,466599.0,832077.5900000001,1298676.59
TAP,2013,704220.436,5,CO,206749.0,123415.0,704220.436,827635.436
TAP,2014,646099.348,5,CO,,,646099.348,646099.348
TAP,2015,540141.04,5,CO,,,540141.04,540141.04
TAP,2016,466439.326,5,CO,,,466439.326,466439.326
TAP,2017,399346.27,5,CO,,,399346.27,399346.27
TAP,2018,378708.4520000001,5,CO,,,378708.4520000001,378708.4520000001
TAP,2019,371111.918,5,CO,,,371111.918,371111.918
TAP,2020,373280.848,5,CO,,,373280.848,373280.848
TAP,2021,347638.996,5,CO,,,347638.996,347638.996
TAP,2022,333961.374,5,CO,,,333961.374,333961.374
TAP,2023,339474.436,5,CO,,,339474.436,339474.436
TMO,2010,32319.12,1,NC,,,32319.12,32319.12
TMO,2011,35494.554,1,NC,,,35494.554,35494.554
TMO,2012,34818.206,1,NC,68804.0,308736.0,34818.206,343554.206
TMO,2013,34469.272,1,NC,64863.0,297992.0,34469.272,332461.272
TMO,2014,37422.728,1,NC,,,37422.728,37422.728
TMO,2015,38598.126,1,NC,,,38598.126,38598.126
TMO,2016,37152.536,1,NC,,,37152.536,37152.536
TMO,2017,38902.08,1,NC,,,38902.08,38902.08
TMO,2018,35895.198,1,NC,,,35895.198,35895.198
TMO,2019,36276.108,1,NC,,,36276.108,36276.108
TMO,2020,25749.852,1,NC,,,25749.852,25749.852
TMO,2021,26942.232,1,NC,,,26942.232,26942.232
TMO,2022,28940.316,1,NC,,,28940.316,28940.316
TMO,2023,28392.342,1,NC,,,28392.342,28392.342
TRGP,2010,1294465.522,15,TX,,,1294465.522,1294465.522
TRGP,2011,1717578.776,15,TX,,,1717578.776,1717578.776
TRGP,2012,1798866.972,15,TX,,,1798866.972,1798866.972
TRGP,2013,2145863.36,18,TX,,,2145863.36,2145863.36
TRGP,2014,2169233.126,19,TX,,,2169233.126,2169233.126
TRGP,2015,2346002.168,19,TX,,,2346002.168,2346002.168
TRGP,2016,2293488.072,18,TX,,,2293488.072,2293488.072
TRGP,2017,2402718.91,20,TX,,,2402718.91,2402718.91
TRGP,2018,2733139.086657743,23,TX,,,2733139.086657743,2733139.086657743
TRGP,2019,3205023.788469035,26,TX,,,3205023.788469035,3205023.788469035
TRGP,2020,3203974.913192721,29,TX,,,3203974.913192721,3203974.913192721
TRGP,2021,2739795.996933317,29,TX,,,2739795.996933317,2739795.996933317
TRGP,2022,2915192.579801952,29,TX,,,2915192.579801952,2915192.579801952
TRGP,2023,3358925.970596633,31,TX,,,3358925.970596633,3358925.970596633
TSLA,2013,28990.44,1,CA,,,28990.44,28990.44
TSLA,2014,30796.784,1,CA,,,30796.784,30796.784
TSLA,2015,33973.972,1,CA,,,33973.972,33973.972
TSLA,2016,27610.796,1,CA,,,27610.796,27610.796
TSLA,2017,22165.616,1,CA,,,22165.616,22165.616
TSLA,2018,22048.216,1,CA,,,22048.216,22048.216
TSLA,2019,23612.812,1,CA,,,23612.812,23612.812
TSLA,2020,28075.544,1,CA,,,28075.544,28075.544
TSLA,2021,40381.348,1,CA,,,40381.348,40381.348
TSLA,2022,45630.528,1,CA,,,45630.528,45630.528
TSLA,2023,80515.196,2,CA,,,80515.196,80515.196
TSN,2010,922606.844,22,AR,,,922606.844,922606.844
TSN,2011,1483587.218,28,AR,3432870.11,1767129.89,1483587.218,3250717.108
TSN,2012,1463700.976,28,AR,3615981.8,1604018.2,1463700.976,3067719.176
TSN,2013,1511634.85,28,AR,1400000.0,1000000.0,1511634.85,2511634.85
TSN,2014,1554400.886,28,AR,,,1554400.886,1554400.886
TSN,2015,1514162.262,28,AR,,,1514162.262,1514162.262
TSN,2016,1574423.042,28,AR,,,1574423.042,1574423.042
TSN,2017,1619026.66,30,AR,,,1619026.66,1619026.66
TSN,2018,1863858.768,32,AR,,,1863858.768,1863858.768
TSN,2019,1835359.778,32,AR,,,1835359.778,1835359.778
TSN,2020,1951980.286,33,AR,,,1951980.286,1951980.286
TSN,2021,1923290.668,33,AR,,,1923290.668,1923290.668
TSN,2022,1880822.458,33,AR,,,1880822.458,1880822.458
TSN,2023,1874907.486,34,AR,,,1874907.486,1874907.486
TXN,2010,49318.562,1,TX,,,49318.562,49318.562
TXN,2011,1188620.1665023,5,TX,831460.0,1125452.0,1188620.1665023,2314072.1665022997
TXN,2012,1089259.8273714,5,TX,897759.0,1481735.0,1089259.8273714,2570994.8273714
TXN,2013,1131897.3158223,5,TX,827274.44,1588465.81,1131897.3158223,2720363.1258223
TXN,2014,1259239.485172,5,TX,,,1259239.485172,1259239.485172
TXN,2015,1312810.3507699,5,TX,,,1312810.3507699,1312810.3507699
TXN,2016,1356852.3576476,5,TX,,,1356852.3576476,1356852.3576476
TXN,2017,1411865.2290937,5,TX,,,1411865.2290937,1411865.2290937
TXN,2018,1377091.0415584,5,TX,,,1377091.0415584,1377091.0415584
TXN,2019,1296767.2939992,5,TX,,,1296767.2939992,1296767.2939992
TXN,2020,1156344.167437,5,TX,,,1156344.167437,1156344.167437
TXN,2021,1142553.5183359,5,TX,,,1142553.5183359,1142553.5183359
TXN,2022,1064891.4796763,5,TX,,,1064891.4796763,1064891.4796763
TXN,2023,1057774.335383,5,TX,,,1057774.335383,1057774.335383
TXT,2010,60615.738,2,KS,,,60615.738,60615.738
TXT,2011,56056.572,2,KS,,,56056.572,56056.572
TXT,2012,57710.418,2,KS,,,57710.418,57710.418
TXT,2013,63753.698,2,KS,,,63753.698,63753.698
TXT,2014,37375.634,2,KS,,,37375.634,37375.634
TXT,2015,63389.054,2,KS,,,63389.054,63389.054
TXT,2016,61356.73,2,KS,,,61356.73,61356.73
TXT,2017,32536.086,2,KS,,,32536.086,32536.086
TXT,2018,43296.312,2,KS,,,43296.312,43296.312
TXT,2019,66576.724,2,KS,,,66576.724,66576.724
TXT,2020,58038.454,2,KS,,,58038.454,58038.454
TXT,2021,57192.82,2,KS,,,57192.82,57192.82
TXT,2022,59450.2,2,KS,,,59450.2,59450.2
TXT,2023,55579.572,2,KS,,,55579.572,55579.572
VLO,2010,23071681.61769393,26,TX,,,23071681.61769393,23071681.61769393
VLO,2011,23487260.815,26,TX,,,23487260.815,23487260.815
VLO,2012,23668416.99,26,TX,,,23668416.99,23668416.99
VLO,2013,23825895.533,25,TX,,,23825895.533,23825895.533
VLO,2014,23752607.395,26,TX,,,23752607.395,23752607.395
VLO,2015,23356458.518,26,TX,,,23356458.518,23356458.518
VLO,2016,23884205.316,26,TX,,,23884205.316,23884205.316
VLO,2017,23387536.552,26,TX,,,23387536.552,23387536.552
VLO,2018,24074566.062,26,TX,,,24074566.062,24074566.062
VLO,2019,23331047.576,26,TX,,,23331047.576,23331047.576
VLO,2020,21636469.9,26,TX,,,21636469.9,21636469.9
VLO,2021,22923347.604,26,TX,,,22923347.604,22923347.604
VLO,2022,23203054.344,27,TX,,,23203054.344,23203054.344
VLO,2023,23535216.552,27,TX,,,23535216.552,23535216.552
VST,2010,91309305.452,39,TX,,,91309305.452,91309305.452
VST,2011,96727658.814,39,TX,,,96727658.814,96727658.814
VST,2012,99041261.08,39,TX,,,99041261.08,99041261.08
VST,2013,98391933.878,39,TX,,,98391933.878,98391933.878
VST,2014,98355782.148,39,TX,,,98355782.148,98355782.148
VST,2015,93855275.748,39,TX,,,93855275.748,93855275.748
VST,2016,88141010.972,39,TX,,,88141010.972,88141010.972
VST,2017,85381247.02,39,TX,,,85381247.02,85381247.02
VST,2018,89261680.252,39,TX,,,89261680.252,89261680.252
VST,2019,87196705.346,39,TX,,,87196705.346,87196705.346
VST,2020,82693042.64999999,37,TX,,,82693042.64999999,82693042.64999999
VST,2021,87167455.42,39,TX,,,87167455.42,87167455.42
VST,2022,85964775.49,40,TX,,,85964775.49,85964775.49
VST,2023,86320993.138,40,TX,,,86320993.138,86320993.138
VTRS,2021,27448.03,1,PR,,,27448.03,27448.03
VTRS,2022,28221.464,1,PR,,,28221.464,28221.464
VTRS,2023,26031.806,1,PR,,,26031.806,26031.806
WAB,2010,58075.33,1,PA,,,58075.33,58075.33
WAB,2011,65138.704,1,PA,,,65138.704,65138.704
WAB,2012,62512.964,1,PA,,,62512.964,62512.964
WAB,2013,63194.712,1,PA,,,63194.712,63194.712
WAB,2014,65795.352,1,PA,,,65795.352,65795.352
WAB,2015,64083.108,1,PA,,,64083.108,64083.108
WAB,2016,57094.68,1,PA,,,57094.68,57094.68
WAB,2017,54630.544,1,PA,,,54630.544,54630.544
WAB,2018,61034.92,1,PA,,,61034.92,61034.92
WAB,2019,59700.076,1,PA,,,59700.076,59700.076
WAB,2020,56168.988,1,PA,,,56168.988,56168.988
WAB,2021,42422.54,1,PA,,,42422.54,42422.54
WAB,2022,40785.896,1,PA,,,40785.896,40785.896
WAB,2023,35202.768,1,PA,,,35202.768,35202.768
WEC,2010,18840320.186,14,WI,,,18840320.186,18840320.186
WEC,2011,20107768.976,14,WI,,,20107768.976,20107768.976
WEC,2012,16167948.072,14,WI,,,16167948.072,16167948.072
WEC,2013,18414047.728,15,WI,,,18414047.728,18414047.728
WEC,2014,20020893.4,15,WI,,,20020893.4,20020893.4
WEC,2015,21278292.864,15,WI,,,21278292.864,21278292.864
WEC,2016,20124105.74,15,WI,,,20124105.74,20124105.74
WEC,2017,21393881.074,14,WI,,,21393881.074,21393881.074
WEC,2018,22686499.466,15,WI,,,22686499.466,22686499.466
WEC,2019,21920989.758,17,WI,,,21920989.758,21920989.758
WEC,2020,20302023.694,17,WI,,,20302023.694,20302023.694
WEC,2021,22050258.568,17,WI,,,22050258.568,22050258.568
WEC,2022,19456459.914,17,WI,,,19456459.914,19456459.914
WEC,2023,19291885.63,17,WI,,,19291885.63,19291885.63
WM,2010,23918223.290856,251,CA,,,23918223.290856,23918223.290856
WM,2011,21099631.254618,253,CA,24531046.0,201800.0,21099631.254618,21301431.254618
WM,2012,20458490.473534,257,CA,,,20458490.473534,20458490.473534
WM,2013,18925798.046,258,CA,,,18925798.046,18925798.046
WM,2014,18218716.38,260,CA,,,18218716.38,18218716.38
WM,2015,17133789.728,260,CA,,,17133789.728,17133789.728
WM,2016,15776194.686,261,CA,,,15776194.686,15776194.686
WM,2017,15707509.976,262,CA,,,15707509.976,15707509.976
WM,2018,16254209.564,263,CA,,,16254209.564,16254209.564
WM,2019,16815371.131773,264,CA,,,16815371.131773,16815371.131773
WM,2020,16606767.572,264,CA,,,16606767.572,16606767.572
WM,2021,15556879.702,265,CA,,,15556879.702,15556879.702
WM,2022,14811948.216226,265,CA,,,14811948.216226,14811948.216226
WM,2023,14429168.964,265,CA,,,14429168.964,14429168.964
WY,2011,24549.08,1,MT,,,24549.08,24549.08
WY,2012,30214.336,1,MT,,,30214.336,30214.336
WY,2013,28282.924,1,MT,,,28282.924,28282.924
WY,2014,35994.898,1,MT,,,35994.898,35994.898
WY,2015,36130.308,1,MT,,,36130.308,36130.308
WY,2016,36571.18,1,MT,,,36571.18,36571.18
WY,2017,34418.564,1,MT,,,34418.564,34418.564
WY,2018,35633.09,1,MT,,,35633.09,35633.09
WY,2019,35995.442,1,MT,,,35995.442,35995.442
WY,2020,33020.176,1,MT,,,33020.176,33020.176
WY,2021,35530.356,1,MT,,,35530.356,35530.356
WY,2022,36381.648,1,MT,,,36381.648,36381.648
WY,2023,41144.524,2,MT,,,41144.524,41144.524
XEL,2010,48308879.726,28,MN,,,48308879.726,48308879.726
XEL,2011,46410176.684,28,MN,,,46410176.684,46410176.684
XEL,2012,42497080.622,28,MN,,,42497080.622,42497080.622
XEL,2013,41551281.406,28,MN,,,41551281.406,41551281.406
XEL,2014,44991202.62,28,MN,,,44991202.62,44991202.62
XEL,2015,44143086.548,28,MN,,,44143086.548,44143086.548
XEL,2016,40719822.044,28,MN,,,40719822.044,40719822.044
XEL,2017,38363349.864,28,MN,,,38363349.864,38363349.864
XEL,2018,39212570.15,28,MN,,,39212570.15,39212570.15
XEL,2019,35854929.912,28,MN,,,35854929.912,35854929.912
XEL,2020,31729531.468,28,MN,,,31729531.468,31729531.468
XEL,2021,31504935.874,28,MN,,,31504935.874,31504935.874
XEL,2022,31651903.124,28,MN,,,31651903.124,31651903.124
XEL,2023,29218121.978,28,MN,,,29218121.978,29218121.978
XOM,2010,27329522.336,12,TX,,,27329522.336,27329522.336
XOM,2011,29703049.394,14,TX,132000000.0,15000000.0,29703049.394,44703049.394
XOM,2012,29812662.37,14,TX,136000000.0,14000000.0,29812662.37,43812662.370000005
XOM,2013,29029654.632,14,TX,132000000.0,14000000.0,29029654.632,43029654.632
XOM,2014,27242389.532,14,TX,,,27242389.532,27242389.532
XOM,2015,27581372.534,14,TX,,,27581372.534,27581372.534
XOM,2016,27872464.496,14,TX,,,27872464.496,27872464.496
XOM,2017,28122256.75,14,TX,,,28122256.75,28122256.75
XOM,2018,28777856.034,14,TX,,,28777856.034,28777856.034
XOM,2019,28472868.826,14,TX,,,28472868.826,28472868.826
XOM,2020,29513271.398,14,TX,,,29513271.398,29513271.398
XOM,2021,30415351.132,15,TX,,,30415351.132,30415351.132
XOM,2022,31164787.652000003,16,TX,,,31164787.652000003,31164787.652000003
XOM,2023,31157811.114,17,TX,,,31157811.114,31157811.114
