state,commercial_mwh,industrial_mwh,total_mwh,year,egrid_subregion,emission_factor,commercial_scope2_mt,industrial_scope2_mt,total_scope2_mt
AK,2646058.0,1351503.0,5972467.0,2018,AKGD,0.4798291769103065,1269655.8321969318,648490.57208181,2865763.9247339675
AL,23483072.0,33717004.0,90280456.0,2018,SRSO,0.4071717574910869,9561643.697529733,13728611.776014008,36759651.93661674
AR,12278279.0,18064787.0,49602708.0,2018,SRMV,0.36453357041122736,4475844.882375195,6585221.303828324,18081852.24930555
AZ,29683550.0,13994441.0,78346302.0,2018,AZNM,0.35352214894176776,10493792.38422041,4947344.855558781,27697153.04468072
CA,141971927.0,62421108.0,303178968.0,2018,CAMX,0.22646896063720734,32152234.747351475,14136443.450582867,68660625.77002114
CO,21023300.0,16047258.0,56450480.0,2018,RMPA,0.5133460641743248,10792228.310956083,8237796.7350899475,28978631.72875144
CT,21485070.0,5521182.0,43868805.0,2018,NEWE,0.24515789569177457,5267234.549990475,1353561.3608513032,10754783.9203128
DC,15286593.0,385324.0,19561542.0,2018,RFCE,0.2995123876223567,4578523.968041205,115409.31124819697,5858924.149995011
DE,6910658.0,3806969.0,16103475.0,2018,RFCE,0.2995123876223567,2069827.6776215404,1140234.3747942958,4823190.24626693
FL,96265276.0,16689129.0,238565391.0,2018,FRCC,0.37053687256760803,35669834.305897616,6183937.665537371,88397273.88400859
GA,47311675.0,32695791.0,139866074.0,2018,SRSO,0.4071717574910869,19263977.85959712,13312802.684031263,56949515.163958415
HI,3033009.0,3593454.0,9337161.0,2018,HIMS,0.5275580372127623,1600088.2748886428,1895755.5390543495,4925894.3302995525
IA,12417671.0,23952635.0,51210655.0,2018,MROW,0.42792771543395236,5313865.582040443,10249996.374173328,21914458.60002631
ID,6436893.0,8889037.0,23753508.0,2018,NWPP,0.27481924322558987,1768982.0629840968,2442878.4213442677,6527921.092512995
IL,85190276.0,82359111.0,233030633.0,2018,RFCW,0.4562709219729477,38869845.77364988,37578067.50884234,106325101.76684962
IN,24305199.0,45293322.0,104194376.0,2018,RFCW,0.4562709219729477,11089755.556465967,20666025.788157597,47540864.00191598
KS,16168750.0,11681037.0,42036979.0,2018,SPNO,0.43516841904727344,7036129.375470602,5083218.404122706,18293165.692953434
KY,19980485.0,28917429.0,76610636.0,2018,SRVC,0.2838920086001216,5672300.0194546,8209427.002361406,21749147.334172785
LA,24690904.0,37416715.0,94186072.0,2018,SRMV,0.36453357041122736,9000663.391800854,13639648.712009327,34333985.10916893
MA,45293486.0,10871262.0,85100639.0,2018,NEWE,0.24515789569177457,11104055.716304852,2665175.7154339524,20863093.579265364
MD,52139168.0,7294375.0,93865965.0,2018,RFCE,0.2995123876223567,15616326.696323177,2184755.6724628285,28114019.29362657
ME,6878984.0,5743837.0,18146766.0,2018,NEWE,0.24515789569177457,1686437.241937386,1408146.9921165553,4448822.966171041
MI,42831046.0,35770649.0,113740267.0,2018,RFCM,0.5552825430232874,23783332.143227402,19862816.94231341,63157984.7039077
MN,23398557.0,22446853.0,68708382.0,2018,MROW,0.42792771543395236,10012891.041461114,9605630.52297176,29402220.940423295
MO,31179283.0,13389587.0,82055835.0,2018,SRMV,0.36453357041122736,11365895.354852084,4880953.955441754,29912106.505624555
MS,14530226.0,16549315.0,50390068.0,2018,SRMV,0.36453357041122736,5296755.162662046,6032780.884810081,18368871.401304536
MT,5063975.0,7613360.0,17875027.0,2018,NWPP,0.27481924322558987,1391677.7772133064,2092297.833603977,4912401.392776986
NC,49298402.0,27353560.0,138287404.0,2018,SRVC,0.2838920086001216,13995422.364556251,7765457.090763942,39258688.88565649
ND,6835913.0,8700422.0,20669506.0,2018,MROW,0.42792771543395236,2925276.6329952558,3723151.709771299,8845054.481728371
NE,9553396.0,10974088.0,30939492.0,2018,MROW,0.42792771543395236,4088162.9249158585,4696116.406811152,13239866.128247045
NH,7502389.0,3695142.0,16763210.0,2018,NEWE,0.24515789569177457,1839269.899901117,905893.2370022952,4109633.288639312
NJ,64619574.0,13022568.0,111614630.0,2018,RFCE,0.2995123876223567,19354362.895879563,3900420.4346544985,33429964.324885923
NM,9035272.0,8186897.0,24048611.0,2018,AZNM,0.35352214894176776,3194168.773713384,2894249.4206049116,8501716.639784634
NV,15441493.0,13698781.0,42598368.0,2018,NWPP,0.27481924322558987,4243619.420533244,3764688.6275330894,11706851.256405184
NY,127332780.0,33210444.0,226567745.0,2018,NYCW,0.40214640164744947,51206419.288766325,13355460.551714128,91113403.38112691
OH,84815883.0,94374248.0,259001548.0,2018,RFCW,0.4562709219729477,38699021.134359665,43060225.145463616,118174875.09838067
OK,21229143.0,19229365.0,64575316.0,2018,SPSO,0.442367845705836,9391090.255091129,8506452.769341202,28566043.424693603
OR,17435522.0,15527921.0,51920022.0,2018,NWPP,0.27481924322558987,4791616.961283123,4267371.498086745,14268621.154295977
PA,76238394.0,96185375.0,248130672.0,2018,RFCE,0.2995123876223567,22834343.415433954,28808711.32060174,74318210.01305985
RI,6211968.0,1316021.0,11056912.0,2018,NEWE,0.24515789569177457,1522913.0029846416,322632.9390461849,2710689.2787691304
SC,22232833.0,27555886.0,81641138.0,2018,SRVC,0.2838920086001216,6311723.617241067,7822895.82529597,23177266.651219714
SD,4903243.0,2935335.0,12856938.0,2018,MROW,0.42792771543395236,2098233.575207519,1256111.2005833206,5501840.1058159685
TN,36930451.0,21598775.0,102911183.0,2018,SRVC,0.2838920086001216,10484259.91289837,6131719.618052091,29215662.449284688
TX,143524631.0,123438829.0,424418628.0,2018,ERCT,0.351216082590197,50408158.655023545,43353701.9609012,149062647.9044661
UT,12083833.0,9392709.0,31242408.0,2018,NWPP,0.27481924322558987,3320869.8403244093,2581297.179218187,8586014.923105115
VA,52568015.0,18213608.0,118942824.0,2018,SRVC,0.2838920086001216,14923639.36647132,5170697.758975243,33766917.21393075
VT,2003515.0,1411388.0,5530948.0,2018,NEWE,0.24515789569177457,491177.52138690575,346012.9120846223,1355955.572860629
WA,29431048.0,27257355.0,92034518.0,2018,NWPP,0.27481924322558987,8088218.33869601,7490845.673431248,25292856.587391928
WI,24093421.0,24424585.0,70959549.0,2018,MROE,0.6752583211619236,16269283.015507435,16492904.262176702,47916025.92814726
WV,7774429.0,14192929.0,33646813.0,2018,RFCW,0.4562709219729477,3547245.8876432218,6475820.800326587,15352062.388961364
WY,3757211.0,10359111.0,16864678.0,2018,RMPA,0.5133460641743248,1928749.4791224792,5317808.860194954,8657416.074867325
AK,2638846.0,1251751.0,5818805.0,2019,AKGD,0.4798291769103065,1266195.3041730546,600626.652026653,2792032.413751576
AL,23076470.0,32602996.0,88095112.0,2019,SRSO,0.4071717574910869,9396086.846590342,13275019.180794876,35869841.579414144
AR,11948689.0,17411611.0,48093032.0,2019,SRMV,0.36453357041122736,4355698.262903358,6347116.724441401,17531524.66686141
AZ,29415272.0,13782704.0,77929170.0,2019,AZNM,0.35352214894176776,10398950.16914661,4872491.136308298,27549687.64364834
CA,148735973.0,61528156.0,317296928.0,2019,CAMX,0.22646896063720734,33684081.214673735,13934217.539243953,71857905.4975388
CO,21111259.0,15891020.0,56520823.0,2019,RMPA,0.5133460641743248,10837381.717414793,8157592.572715479,29014742.030943654
CT,20985630.0,5299298.0,42135824.0,2019,NEWE,0.24515789569177457,5144792.890566175,1299164.7463236295,10329929.94507897
DC,14738903.0,359264.0,18935762.0,2019,RFCE,0.2995123876223567,4414484.028464316,107604.01842675837,5671495.288068692
DE,7179774.0,3149433.0,15629177.0,2019,RFCE,0.2995123876223567,2150431.2533289185,943294.1974866418,4681132.119842422
FL,96566532.0,16514482.0,240347955.0,2019,FRCC,0.37053687256760803,35781460.76197984,6119224.512354056,89057779.57372019
GA,47411823.0,32393384.0,139300990.0,2019,SRSO,0.4071717574910869,19304755.296766337,13189671.094363656,56719428.91854832
HI,3057866.0,3635247.0,9452887.0,2019,HIMS,0.5275580372127623,1613201.7850196406,1917803.7721035825,4986946.511714037
IA,12309610.0,24238717.0,51043148.0,2019,MROW,0.42792771543395236,5267623.285182934,10372418.790860103,21842777.712197114
ID,6440943.0,8847489.0,23985275.0,2019,NWPP,0.27481924322558987,1770095.0809191605,2431460.2314267308,6591615.12405766
IL,82586871.0,81273435.0,226196461.0,2019,RFCW,0.4562709219729477,37681987.7740309,37082705.119358435,103206867.8074879
IN,23517681.0,45316682.0,102104203.0,2019,RFCW,0.4562709219729477,10730433.992535675,20676684.276894886,46587178.84012301
KS,15916325.0,11612642.0,41159628.0,2019,SPNO,0.43516841904727344,6926281.987292594,5053455.060101967,17911370.245333888
KY,19611510.0,29160796.0,75345382.0,2019,SRVC,0.2838920086001216,5567550.9655813705,8278516.948818391,21389951.834723447
LA,24284298.0,37846317.0,93128525.0,2019,SRMV,0.36453357041122736,8852441.854870228,13796253.06292513,33948473.72538125
MA,43972091.0,10217815.0,81747249.0,2019,NEWE,0.24515789569177457,10780105.29872722,2504978.0239678496,20040983.543431524
MD,50747567.0,6958593.0,91318588.0,2019,RFCE,0.2995123876223567,15199524.958195519,2084184.803922218,27351048.32618229
ME,6388294.0,5214776.0,16947596.0,2019,NEWE,0.24515789569177457,1566140.7141003893,1278443.5106639694,4154836.972394336
MI,41746234.0,34911923.0,110160862.0,2019,RFCM,0.5552825430232874,23180954.977165222,19385981.385273196,61170403.592997424
MN,22904299.0,21748034.0,66965594.0,2019,MROW,0.42792771543395236,9801384.34468616,9306586.504799921,28656433.65309759
MO,30133114.0,13009718.0,78857775.0,2019,SRMV,0.36453357041122736,10984531.63402854,4742478.952583212,28746306.275435224
MS,14238982.0,15994186.0,48951026.0,2019,SRMV,0.36453357041122736,5190586.947481199,5830417.728401267,17844292.28307282
MT,5096707.0,8307719.0,18712536.0,2019,NWPP,0.27481924322558987,1400673.1606825665,2283121.048510854,5142564.982351607
NC,49173038.0,27391009.0,136435531.0,2019,SRVC,0.2838920086001216,13959832.526790107,7776088.562594008,38732956.94001415
ND,7035031.0,9398793.0,21559255.0,2019,MROW,0.42792771543395236,3010484.7438370334,4022004.0163266235,9225802.738608014
NE,9456725.0,10618560.0,30383190.0,2019,MROW,0.42792771543395236,4046794.724737143,4543976.121998349,13001809.084295707
NH,7232188.0,3619061.0,16142146.0,2019,NEWE,0.24515789569177457,1773027.9913273037,887241.3791401694,3957374.545309396
NJ,62716645.0,12060102.0,107389818.0,2019,RFCE,0.2995123876223567,18784412.08761374,3612149.9449891592,32164580.79551034
NM,9028861.0,8979712.0,24880134.0,2019,AZNM,0.35352214894176776,3191902.343216518,3174527.0831181793,8795678.43763914
NV,14628007.0,14023505.0,41527176.0,2019,NWPP,0.27481924322558987,4020057.8136386313,3853929.0314702755,11412467.081615878
NY,123098954.0,31847882.0,218100779.0,2019,NYCW,0.40214640164744947,49503801.397664905,12807511.146392576,87708443.47135562
OH,82894861.0,92003329.0,251438719.0,2019,RFCW,0.4562709219729477,37822514.655289344,41978443.74741044,114724176.13782692
OK,20085991.0,20903983.0,64795946.0,2019,SPSO,0.442367845705836,8885396.56753681,9247249.926381418,28663643.042491682
OR,17406384.0,16357045.0,53076552.0,2019,NWPP,0.27481924322558987,4783609.278174016,4495230.728306918,14586457.853663668
PA,70419885.0,97985507.0,240594185.0,2019,RFCE,0.2995123876223567,21091627.892441783,29347873.153957147,72060938.797405
RI,6084700.0,1247816.0,10676837.0,2019,NEWE,0.24515789569177457,1491712.2479157408,305911.94477052736,2617510.891564079
SC,22168328.0,26877335.0,80205620.0,2019,SRVC,0.2838920086001216,6293411.163226317,7630260.618968349,22769734.562818084
SD,4888034.0,2923865.0,12868931.0,2019,MROW,0.42792771543395236,2091725.222583484,1251202.8696872932,5506972.242907168
TN,36151394.0,21104523.0,99829100.0,2019,SRVC,0.2838920086001216,10263091.856354384,5991405.425017464,28340683.715742398
TX,142001524.0,131673922.0,429343404.0,2019,ERCT,0.351216082590197,49873218.98111784,46245999.064127155,150792308.4388203
UT,11860449.0,9490843.0,31142565.0,2019,NWPP,0.27481924322558987,3259479.618495704,2608266.290832887,8558576.145403743
VA,54484797.0,18700214.0,120040968.0,2019,SRVC,0.2838920086001216,15467798.458499879,5308841.3137121145,34078671.51982292
VT,1934464.0,1411655.0,5427664.0,2019,NEWE,0.24515789569177457,474249.123531493,346078.36924277205,1330634.6847619999
WA,29505916.0,27257616.0,93374817.0,2019,NWPP,0.27481924322558987,8108793.505797824,7490917.40125373,25661196.544267945
WI,23546114.0,23614832.0,69157540.0,2019,MROE,0.6752583211619236,15899709.409527266,15946111.810840871,46699204.35608858
WV,7567130.0,14526664.0,33247013.0,2019,RFCW,0.4562709219729477,3452661.381789152,6628094.376471229,15169645.274356578
WY,3575477.0,10338641.0,16763496.0,2019,RMPA,0.5133460641743248,1835457.0454958223,5307300.666261306,8605474.693402037
AK,2524116.0,1304415.0,5917577.0,2020,AKGD,0.4798291769103065,1211144.5027061352,625896.3757994574,2839426.101213361
AL,21307775.0,30756789.0,83395605.0,2020,SRSO,0.4071717574910869,8675924.194974644,12523295.83191253,33956335.054882474
AR,11110416.0,16760182.0,45851003.0,2020,SRMV,0.36453357041122736,4050119.613234027,6109648.985201986,16714229.830525897
AZ,29128178.0,14113139.0,81960074.0,2020,AZNM,0.35352214894176776,10297456.081318323,4989307.227593871,28974701.487906307
CA,141500156.0,60901763.0,320898688.0,2020,CAMX,0.22646896063720734,32045393.2593227,13792358.96758353,72673592.34120348
CO,20042218.0,15431465.0,56050264.0,2020,RMPA,0.5133460641743248,10288593.727623807,7921681.822193847,28773182.420331847
CT,18909149.0,4839599.0,40074583.0,2020,NEWE,0.24515789569177457,4635727.178162224,1186465.9068320165,9824600.439005362
DC,12653450.0,372688.0,16714366.0,2020,RFCE,0.2995123876223567,3789865.0211601094,111624.67271820088,5006159.66825394
DE,6689911.0,3179536.0,15185902.0,2020,RFCE,0.2995123876223567,2003711.216591068,952310.4188912376,4548365.766219122
FL,92493736.0,16572954.0,242440171.0,2020,FRCC,0.37053687256760803,34272339.66953398,6140890.54436683,89833022.7470961
GA,44301529.0,30807724.0,133470142.0,2020,SRSO,0.4071717574910869,18038331.422472354,12544035.12538034,54345272.29072493
HI,2684301.0,3263346.0,8796761.0,2020,HIMS,0.5275580372127623,1416124.566848255,1721604.410506119,4640801.966989776
IA,11605738.0,24466641.0,50639862.0,2020,MROW,0.42792771543395236,4966416.948265008,10469953.78747267,21670200.45555062
ID,6309927.0,9180674.0,24461352.0,2020,NWPP,0.27481924322558987,1734089.3629487166,2523025.8809808493,6722450.244914769
IL,76150336.0,75906005.0,214353366.0,2020,RFCW,0.4562709219729477,34745184.01526975,34633702.884633176,97803207.9328247
IN,21996478.0,42262910.0,97155744.0,2020,RFCW,0.4562709219729477,10036353.297217662,19283336.910959713,44329340.88984768
KS,14843319.0,11048183.0,39483946.0,2020,SPNO,0.43516841904727344,6459343.662644356,4807820.329454962,17182166.358567916
KY,18061357.0,27803946.0,71800399.0,2020,SRVC,0.2838920086001216,5127474.916773866,7893318.076949316,20383559.49040016
LA,22398708.0,36276417.0,89126685.0,2020,SRMV,0.36453357041122736,8165080.999838522,13223971.810736544,32489668.70196678
MA,40905478.0,10154856.0,80632023.0,2020,NEWE,0.24515789569177457,10028300.90874618,2489543.128012991,19767577.084050767
MD,46505515.0,6353895.0,85815080.0,2020,RFCE,0.2995123876223567,13928977.835257325,1903070.2621517542,25702679.50480355
ME,6039973.0,4899896.0,16340188.0,2020,NEWE,0.24515789569177457,1480747.0707151347,1201248.1924685435,4005926.1052879863
MI,38986596.0,30103614.0,104957238.0,2020,RFCM,0.5552825430232874,21648576.170701522,16716011.336111436,58280922.025340416
MN,21526677.0,19571847.0,64054606.0,2020,MROW,0.42792771543395236,9211861.709494608,8375335.773532854,27410741.208601937
MO,27931047.0,12823832.0,75725712.0,2020,SRMV,0.36453357041122736,10181804.2882338,4674717.26531375,27604564.167292323
MS,13185143.0,15302064.0,46482040.0,2020,SRMV,0.36453357041122736,4806427.254172602,5578116.024581107,16944264.001197487
MT,4842829.0,7280993.0,17503794.0,2020,NWPP,0.27481924322558987,1330902.6008509402,2000956.9861908173,4810379.4206566205
NC,45905051.0,25828233.0,130390980.0,2020,SRVC,0.2838920086001216,13032077.13328102,7332428.944961945,37016957.215538286
ND,6641700.0,10131201.0,21819452.0,2020,MROW,0.42792771543395236,2842167.5075976816,4335421.698532173,9337148.246380784
NE,9090239.0,11566353.0,31171536.0,2020,MROW,0.42792771543395236,3889965.208018616,4949563.015192641,13339164.187047202
NH,6774407.0,3516913.0,15822083.0,2020,NEWE,0.24515789569177457,1660799.3646796276,862198.990411046,3878908.5737405997
NJ,57880270.0,11536353.0,103398781.0,2020,RFCE,0.2995123876223567,17335857.863926664,3455280.6314843376,30969215.77455117
NM,8406884.0,9088192.0,24777155.0,2020,AZNM,0.35352214894176776,2972019.6975841643,3212877.165835382,8759273.080263266
NV,15372636.0,13605394.0,43303597.0,2020,NWPP,0.27481924322558987,4224696.191902459,3739024.082865981,11900661.756485924
NY,111932408.0,30182257.0,206728183.0,2020,NYCW,0.40214640164744947,45013215.104934186,12137686.046148544,83134994.91256544
OH,77866513.0,85817834.0,240972424.0,2020,RFCW,0.4562709219729477,35528225.67732852,39156182.24090138,109948710.06853607
OK,18698988.0,20367844.0,62299305.0,2020,SPSO,0.442367845705836,8271831.0384392785,9010079.271952538,27559209.341820817
OR,16727801.0,17416338.0,53797756.0,2020,NWPP,0.27481924322558987,4597121.611648265,4786344.828921083,14784658.591154937
PA,61703367.0,94483425.0,228374619.0,2020,RFCE,0.2995123876223567,18480922.774508532,28298956.21248787,68401027.40903603
RI,5980076.0,1151006.0,10602735.0,2020,NEWE,0.24515789569177457,1466062.8482368845,282178.2088886067,2599344.2011775277
SC,20834372.0,25076787.0,76737176.0,2020,SRVC,0.2838920086001216,5914711.715002133,7119099.430667417,21785071.028941043
SD,4696475.0,2929346.0,12695845.0,2020,MROW,0.42792771543395236,2009751.8173426713,1253548.3414955866,5432903.946353567
TN,33480189.0,20438788.0,95003888.0,2020,SRVC,0.2838920086001216,9504758.103521697,5802408.578672062,26970844.58914099
TX,145167577.0,125107209.0,426863267.0,2020,ERCT,0.351216082590197,50985187.71305078,43939663.84877303,149921244.4373933
UT,11395032.0,9672119.0,31663157.0,2020,NWPP,0.27481924322558987,3131574.07077138,2658084.423967849,8701644.844873039
VA,56529963.0,18900363.0,121683632.0,2020,SRVC,0.2838920086001216,16048404.742160555,5365662.01534142,34545010.70223803
VT,1805738.0,1368719.0,5331458.0,2020,NEWE,0.24515789569177457,442690.92825067363,335552.26983335,1307049.024249077
WA,27621126.0,24348844.0,88926516.0,2020,NWPP,0.27481924322558987,7590816.944358665,6691530.881497945,24438717.82980831
WI,22436275.0,22164389.0,67448361.0,2020,MROE,0.6752583211619236,15150281.389627239,14966688.105719807,45545067.01398336
WV,6955844.0,14243240.0,32076583.0,2020,RFCW,0.4562709219729477,3173749.3549799966,6498776.246681968,14635612.09915178
WY,3320024.0,9131466.0,15331018.0,2020,RMPA,0.5133460641743248,1704321.2533642985,4687602.131241665,7870117.750085729
AK,2558649.0,1326779.0,5969339.0,2021,AKGD,0.4798291769103065,1227714.4436723788,636627.2755118796,2864263.019068592
AL,21844283.0,32155730.0,85585166.0,2021,SRSO,0.4071717574910869,8894375.100242672,13092905.097508868,34847862.455386415
AR,11516908.0,18228014.0,48663142.0,2021,SRMV,0.36453357041122736,4198299.593337628,6644723.024925838,17739348.900688555
AZ,29990064.0,14089072.0,81219990.0,2021,AZNM,0.35352214894176776,10602151.872181147,4980799.010035289,28713065.40182889
CA,147207511.0,61307988.0,321866405.0,2021,CAMX,0.22646896063720734,33337932.014160268,13884356.321118379,72892750.20438443
CO,20584470.0,15053158.0,56351209.0,2021,RMPA,0.5133460641743248,10566956.657614464,7727479.412694251,28927671.351614792
CT,20243762.0,4826598.0,40683653.0,2021,NEWE,0.24515789569177457,4962918.09280511,1183278.6090301278,9973918.758534351
DC,12997982.0,479002.0,17099169.0,2021,RFCE,0.2995123876223567,3893056.6230924153,143467.03269588412,5121412.933548186
DE,6800218.0,3284162.0,15581702.0,2021,RFCE,0.2995123876223567,2036749.5295325273,983647.2019586143,4666912.769240051
FL,93965070.0,17112564.0,241562082.0,2021,FRCC,0.37053687256760803,34817523.16839637,6340835.9461730365,89507658.39520009
GA,45777026.0,32758986.0,137363952.0,2021,SRSO,0.4071717574910869,18639112.12913518,13338533.903245911,55930721.7517613
HI,2784538.0,3326862.0,8936482.0,2021,HIMS,0.5275580372127623,1469005.4018243507,1755112.7867977247,4714512.9035071805
IA,12135097.0,26106417.0,52893269.0,2021,MROW,0.42792771543395236,5192944.335779409,11171659.384976096,22634495.765003495
ID,6600296.0,9384477.0,25285616.0,2021,NWPP,0.27481924322558987,1813888.351784888,2579034.867207954,6948973.853612867
IL,78322364.0,78100267.0,218882390.0,2021,RFCW,0.4562709219729477,35736217.23338081,35634880.830423385,99869669.88894232
IN,22920929.0,43329491.0,99740046.0,2021,RFCW,0.4562709219729477,10458153.407306474,19769986.80718854,45508482.74604422
KS,15356451.0,11365925.0,40491786.0,2021,SPNO,0.43516841904727344,6682642.503846921,4946091.613259882,17620746.49802052
KY,18685936.0,29396679.0,74516986.0,2021,SRVC,0.2838920086001216,5304787.9036133215,8345482.247483014,21154776.83036714
LA,22459648.0,37941990.0,90819346.0,2021,SRMV,0.36453357041122736,8187295.6756193815,13831129.083207084,33106700.45979262
MA,42491870.0,10335802.0,83421399.0,2021,NEWE,0.24515789569177457,10417217.433208445,2533903.4686068348,20451414.63450391
MD,47884543.0,6528779.0,87722830.0,2021,RFCE,0.2995123876223567,14342013.804135408,1955450.1865487024,26274074.2622901
ME,6301292.0,4824250.0,16651874.0,2021,NEWE,0.24515789569177457,1544811.4868594136,1182702.9782910435,4082338.389164573
MI,40665416.0,31915439.0,108452840.0,2021,RFCM,0.5552825430232874,22580795.60957988,17722086.129624605,60221968.7932977
MN,22093189.0,21227196.0,66589168.0,2021,MROW,0.42792771543395236,9454287.895420527,9083705.489348732,28495350.534887645
MO,28987412.0,13086588.0,77763041.0,2021,SRMV,0.36453357041122736,10566884.793341257,4770500.648140723,28347238.98176466
MS,13676163.0,15769265.0,48015364.0,2021,SRMV,0.36453357041122736,4985420.527915922,5748426.473210803,17503212.07351471
MT,5048528.0,7199450.0,17807430.0,2021,NWPP,0.27481924322558987,1387432.6443632008,1978547.400640473,4893824.436392666
NC,47714832.0,27049367.0,135693077.0,2021,SRVC,0.2838920086001216,13545859.496497357,7679099.128991845,38522180.18266096
ND,6808316.0,11166390.0,22863107.0,2021,MROW,0.42792771543395236,2913467.111832425,4778407.762344532,9783757.146232003
NE,9260421.0,12588380.0,32341170.0,2021,MROW,0.42792771543395236,3962790.8024865966,5386916.694414457,13839682.992561078
NH,6864033.0,3611990.0,15961633.0,2021,NEWE,0.24515789569177457,1682771.8862388984,885507.8676597328,3913120.3580843867
NJ,58747745.0,11301161.0,103703249.0,2021,RFCE,0.2995123876223567,17595677.37237937,3384837.7140146606,31060407.712185778
NM,8655826.0,9649559.0,25393743.0,2021,AZNM,0.35352214894176776,3060026.208386026,3411332.8340203757,8977250.595034972
NV,15479827.0,13927126.0,43785637.0,2021,NWPP,0.27481924322558987,4254154.341403053,3827442.2276274366,12033135.624490388
NY,112961360.0,30676885.0,207288942.0,2021,NYCW,0.40214640164744947,45427004.449202135,12336598.916502617,83360502.12660685
OH,81601617.0,91000651.0,251623586.0,2021,RFCW,0.4562709219729477,37232445.02307337,41520950.93190844,114808525.5743593
OK,19999312.0,20779958.0,64525137.0,2021,SPSO,0.442367845705836,8847052.565038875,9192385.254317751,28543845.84856393
OR,17469552.0,19300173.0,57077667.0,2021,NWPP,0.27481924322558987,4800969.0601300895,5304058.9379829625,15686041.250022225
PA,64025993.0,96940662.0,232615422.0,2021,RFCE,0.2995123876223567,19176578.033322297,29034929.133311864,69671200.44100209
RI,6056311.0,1178311.0,10662616.0,2021,NEWE,0.24515789569177457,1484752.460414947,288872.2452304706,2614024.5011294466
SC,21114323.0,27292017.0,79792136.0,2021,SRVC,0.2838920086001216,5994187.566701745,7747985.524878665,22652349.759534072
SD,4791689.0,3205738.0,13041391.0,2021,MROW,0.42792771543395236,2050496.5268399997,1371824.1386198075,5580772.656710908
TN,34863397.0,21917298.0,99621137.0,2021,SRVC,0.2838920086001216,9897439.800953453,6222145.752307428,28281644.681957893
TX,147843231.0,132529561.0,435627878.0,2021,ERCT,0.351216082590197,51924920.429297574,46546513.24181855,152999516.77824026
UT,12206510.0,9471737.0,32677627.0,2021,NWPP,0.27481924322558987,3354583.840625595,2603015.594371819,8980440.722548103
VA,64643310.0,21911129.0,133363458.0,2021,SRVC,0.2838920086001216,18351719.118460327,6220394.422506373,37860819.96547796
VT,1867111.0,1371096.0,5412696.0,2021,NEWE,0.24515789569177457,457737.0037829649,336135.01015140937,1326965.1613792854
WA,28936645.0,23383460.0,90444912.0,2021,NWPP,0.27481924322558987,7952346.880387549,6426224.781195852,24856002.269445073
WI,23266013.0,23295516.0,69426615.0,2021,MROE,0.6752583211619236,15710568.87851149,15730491.02476073,46880899.48885523
WV,7156304.0,14570979.0,32777988.0,2021,RFCW,0.4562709219729477,3265213.4239986935,6648314.02237846,14955642.805178216
WY,3443297.0,9443917.0,15784712.0,2021,RMPA,0.5133460641743248,1767602.9627332601,4847997.622338997,8103019.779325235
AK,2575918.0,1375690.0,6002080.0,2022,AKGD,0.4798291769103065,1236000.613728443,660096.2003837395,2879973.1061498127
AL,22391068.0,31712904.0,87027545.0,2022,SRSO,0.4071717574910869,9117010.509662436,12912598.856826121,35435158.447784655
AR,11786525.0,17960258.0,48997663.0,2022,SRMV,0.36453357041122736,4296584.040991192,6547116.974246809,17861293.03519609
AZ,31507070.0,14311610.0,84196517.0,2022,AZNM,0.35352214894176776,11138447.093258703,5059471.122016493,29765333.623252083
CA,160787334.0,61707419.0,337128362.0,2022,CAMX,0.22646896063720734,36413340.41460751,13974815.04453466,76349109.74346419
CO,21059419.0,15018320.0,56763041.0,2022,RMPA,0.5133460641743248,10810769.857447995,7709595.462510546,29139083.68791583
CT,19379593.0,4774820.0,39132365.0,2022,NEWE,0.24515789569177457,4751060.2392430445,1170584.823506999,9593608.25684245
DC,12874100.0,363432.0,16712667.0,2022,RFCE,0.2995123876223567,3855952.4294889825,108852.38605836834,5005650.796707369
DE,6568246.0,3035148.0,15095545.0,2022,RFCE,0.2995123876223567,1967271.041950994,909064.4242672208,4521302.725410729
FL,96864074.0,17635655.0,248820803.0,2022,FRCC,0.37053687256760803,35891711.044117354,6534660.449381299,92197282.1733809
GA,49540774.0,34210498.0,145035204.0,2022,SRSO,0.4071717574910869,20171604.017048743,13929548.595305314,59054238.91075832
HI,2837850.0,3452786.0,9039115.0,2022,HIMS,0.5275580372127623,1497130.5759042376,1821545.0050757045,4768657.767540438
IA,12470072.0,26541024.0,54203955.0,2022,MROW,0.42792771543395236,5336289.422256897,11357639.7655977,23195374.63063476
ID,6836725.0,9400753.0,26201131.0,2022,NWPP,0.27481924322558987,1878863.5906414709,2583507.8252106938,7200574.993074543
IL,78097413.0,78426718.0,215265497.0,2022,RFCW,0.4562709219729477,35633578.633212075,35783830.929172374,98219386.7851548
IN,23493759.0,42479590.0,100044365.0,2022,RFCW,0.4562709219729477,10719519.079540238,19382201.694332812,45647334.6567481
KS,15781384.0,11736159.0,41961065.0,2022,SPNO,0.43516841904727344,6867559.925657936,5107205.75771743,18260130.31758988
KY,19674006.0,28824550.0,75338742.0,2022,SRVC,0.2838920086001216,5585293.080550844,8183059.396494634,21388066.791786343
LA,23540241.0,40143868.0,95138998.0,2022,SRMV,0.36453357041122736,8581208.100070762,14633787.532157017,34681358.62628662
MA,43562289.0,10113354.0,83948328.0,2022,NEWE,0.24515789569177457,10679639.102756938,2479368.5850259913,20580595.439322878
MD,47696232.0,6734577.0,87263847.0,2022,RFCE,0.2995123876223567,14285612.326909855,2017089.2368966083,26136603.16808203
ME,6437546.0,4998715.0,16941089.0,2022,NEWE,0.24515789569177457,1578215.2307790006,1225474.450562909,4153241.7299670693
MI,40967423.0,33505395.0,109512414.0,2022,RFCM,0.5552825430232874,22748494.824550714,18604960.94059974,60810331.73853906
MN,22548588.0,20648588.0,66635430.0,2022,MROW,0.42792771543395236,9649165.749101434,8836103.089776924,28515147.326859053
MO,29790520.0,13245662.0,80306260.0,2022,SRMV,0.36453357041122736,10859644.620007077,4828488.461320318,29274327.684172332
MS,14089632.0,15972024.0,48979533.0,2022,SRMV,0.36453357041122736,5136143.858740282,5822338.935413813,17854684.041564535
MT,5159026.0,7524174.0,18577704.0,2022,NWPP,0.27481924322558987,1417799.621101142,2067787.8045776593,5105510.554149014
NC,49228797.0,27519330.0,139206761.0,2022,SRVC,0.2838920086001216,13975662.06129764,7812517.869029584,39519686.991007075
ND,8392425.0,11728548.0,25392877.0,2022,MROW,0.42792771543395236,3591351.257200788,5018970.750997451,10866315.842905354
NE,9618755.0,13241701.0,33844105.0,2022,MROW,0.42792771543395236,4116131.8524689064,5666490.857389483,14482830.533556804
NH,6735796.0,3596932.0,15782324.0,2022,NEWE,0.24515789569177457,1651333.5731690724,881816.2800664061,3869161.34096579
NJ,59103117.0,11374793.0,103256218.0,2022,RFCE,0.2995123876223567,17702115.6885935,3406891.4101400697,30926516.390034568
NM,9084022.0,10789520.0,27156178.0,2022,AZNM,0.35352214894176776,3211402.978474295,3814334.296450182,9600310.403605158
NV,16020228.0,15302828.0,45636761.0,2022,NWPP,0.27481924322558987,4402666.935261405,4205511.610171367,12541860.121287115
NY,115565735.0,29267115.0,207776907.0,2022,NYCW,0.40214640164744947,46474344.48399271,11769664.983852092,83556735.49548675
OH,80540955.0,83741162.0,242017967.0,2022,RFCW,0.4562709219729477,36748495.794431694,38208657.19282597,110425760.93710844
OK,22211526.0,21796272.0,69486942.0,2022,SPSO,0.442367845705836,9825664.906459164,9641969.889058433,30738788.837226372
OR,17567012.0,21044278.0,59359888.0,2022,NWPP,0.27481924322558987,4827752.943574856,5783372.5541889295,16313239.498115774
PA,63282063.0,97847556.0,232021290.0,2022,RFCE,0.2995123876223567,18953761.7827984,29306555.120572254,69493250.54711923
RI,6239842.0,1164172.0,10822650.0,2022,NEWE,0.24515789569177457,1529746.534169154,285405.9577432846,2653258.099808584
SC,24130625.0,26340732.0,82758432.0,2022,SRVC,0.2838920086001216,6850491.6000263095,7477923.315477498,23494457.489076577
SD,4936093.0,3208065.0,13467064.0,2022,MROW,0.42792771543395236,2112291.000659524,1372819.9264136225,5762929.931122825
TN,35719452.0,22788612.0,102112051.0,2022,SRVC,0.2838920086001216,10140466.97437563,6469504.833888834,28988795.260668054
TX,160719198.0,143905882.0,475401192.0,2022,ERCT,0.351216082590197,56447167.11859822,50542060.13772714,166968544.3129501
UT,12870552.0,9104680.0,33365501.0,2022,NWPP,0.27481924322558987,3537075.360535602,2502141.2674111635,9169481.734662661
VA,74876385.0,19398167.0,141121901.0,2022,SRVC,0.2838920086001216,21256807.334366016,5506984.592790595,40063379.932357505
VT,1916375.0,1367429.0,5470471.0,2022,NEWE,0.24515789569177457,469814.4623563245,335236.0161479076,1341129.1588028776
WA,30105941.0,23202308.0,93198031.0,2022,NWPP,0.27481924322558987,8273691.922214258,6376440.72564705,25612612.349535067
WI,23426668.0,23560174.0,69875871.0,2022,MROE,0.6752583211619236,15819052.50409776,15909203.541522803,47184263.34118715
WV,7275035.0,14574283.0,32986288.0,2022,RFCW,0.4562709219729477,3319386.926835464,6649821.541504659,15050684.038225181
WY,3610790.0,9879959.0,16499429.0,2022,RMPA,0.5133460641743248,1853584.8350600104,5071838.066853698,8469916.938273717
AK,2602872.0,1371059.0,6024598.0,2023,AKGD,0.4798291769103065,1248933.9293628833,657874.111465468,2890777.8995554787
AL,22213494.0,31257213.0,84880359.0,2023,SRSO,0.4071717574910869,9044707.391997714,12727054.35148325,34560884.9505044
AR,11694057.0,18581004.0,48649300.0,2023,SRMV,0.36453357041122736,4262876.350802406,6773399.729945297,17734303.027006924
AZ,32619680.0,14296687.0,85918798.0,2023,AZNM,0.35352214894176776,11531779.371392803,5054195.510987835,30374198.10345366
CA,160291294.0,57118506.0,326749537.0,2023,CAMX,0.22646896063720734,36301002.75137303,12935568.68697009,73998628.03307873
CO,20697728.0,14778848.0,55565819.0,2023,RMPA,0.5133460641743248,10625097.20615072,7586663.453830592,28524494.486272916
CT,19413120.0,4477260.0,39425365.0,2023,NEWE,0.24515789569177457,4759279.648011902,1097635.6400649545,9665439.52028014
DC,12578862.0,352978.0,16301992.0,2023,RFCE,0.2995123876223567,3767524.991192133,105721.28355816423,4882648.546920558
DE,6596275.0,3018708.0,14801479.0,2023,RFCE,0.2995123876223567,1975666.074663661,904140.4406147092,4433226.315632173
FL,97255443.0,17808644.0,250940214.0,2023,FRCC,0.37053687256760803,36036727.68939727,6598759.252429897,92982602.09700629
GA,51404671.0,32067537.0,142028831.0,2023,SRSO,0.4071717574910869,20930530.23432111,13056995.398700457,57830128.73267457
HI,2798995.0,3435096.0,8927252.0,2023,HIMS,0.5275580372127623,1476632.3083683355,1812212.503397411,4709643.542823707
IA,12600924.0,27217490.0,54400259.0,2023,MROW,0.42792771543395236,5392284.619676861,11647118.315546444,23279378.552885305
ID,6842096.0,9038616.0,25673977.0,2023,NWPP,0.27481924322558987,1880339.6447968355,2483985.6089267083,7055702.9297312
IL,76100557.0,77002594.0,207217893.0,2023,RFCW,0.4562709219729477,34722471.30504486,35134044.55868857,94547499.08840163
IN,23016436.0,41228694.0,95995350.0,2023,RFCW,0.4562709219729477,10501730.474251345,18811454.223120537,43799886.849615805
KS,15727254.0,11509320.0,41052008.0,2023,SPNO,0.43516841904727344,6844004.259134907,5008492.588709165,17864537.42007602
KY,19303242.0,27367071.0,71223021.0,2023,SRVC,0.2838920086001216,5480036.143874228,7769292.755692138,20219646.49025864
LA,23743181.0,39874251.0,95374457.0,2023,SRMV,0.36453357041122736,8655186.542850016,14535503.084503453,34767191.33624208
MA,43724906.0,9973168.0,83468074.0,2023,NEWE,0.24515789569177457,10719505.944280649,2445000.880260544,20462857.37928532
MD,47097968.0,6478650.0,83588048.0,2023,RFCE,0.2995123876223567,14106424.847841352,1940435.9300695814,25035655.833172157
ME,6294152.0,4509840.0,16128628.0,2023,NEWE,0.24515789569177457,1543061.0594841742,1105622.8843065926,3954060.500875435
MI,40235624.0,33370540.0,106145475.0,2023,RFCM,0.5552825430232874,22342139.614848815,18530078.31326033,58940729.28841478
MN,22613856.0,20560640.0,66215800.0,2023,MROW,0.42792771543395236,9677095.735232376,8798467.703059938,28335576.0196315
MO,29174382.0,12813199.0,76975799.0,2023,SRMV,0.36453357041122736,10635041.635001045,4670841.179859568,28060262.844726983
MS,14230944.0,15646628.0,48421762.0,2023,SRMV,0.36453357041122736,5187656.826642234,5703721.169736282,17651357.787462693
MT,5197159.0,7613000.0,18565686.0,2023,NWPP,0.27481924322558987,1428279.3033030634,2092198.8986764157,5102207.776483929
NC,48196906.0,26143974.0,133091108.0,2023,SRVC,0.2838920086001216,13682716.452651251,7422065.291649356,37783501.976935714
ND,10854668.0,12280355.0,28202179.0,2023,MROW,0.42792771543395236,4645013.279034029,5255104.259867914,12068494.029729387
NE,11260554.0,11640095.0,33571199.0,2023,MROW,0.42792771543395236,4818703.147740654,4981119.2607841715,14366046.492448587
NH,7003042.0,3662697.0,16494764.0,2023,NEWE,0.24515789569177457,1716851.0401611163,897939.0890765756,4043821.6321724383
NJ,56148646.0,10617487.0,97494689.0,2023,RFCE,0.2995123876223567,16817215.025222488,3180068.8819193332,29200867.082889117
NM,9349407.0,11661806.0,28347490.0,2023,AZNM,0.35352214894176776,3305222.453971206,4122706.717662001,10021465.581905272
NV,16230880.0,14899997.0,44646878.0,2023,NWPP,0.27481924322558987,4460558.158485362,4094805.899603559,12269821.224345237
NY,114131054.0,27604119.0,201563180.0,2023,NYCW,0.40214640164744947,45897392.68233074,11100897.126497991,81057907.54161716
OH,81619254.0,88049091.0,241850932.0,2023,RFCW,0.4562709219729477,37240492.2733242,40174239.929449975,110349547.72365668
OK,23117487.0,22043847.0,68978840.0,2023,SPSO,0.442367845705836,10226432.92232267,9751489.108459055,30514020.850087546
OR,24040014.0,16507643.0,61014831.0,2023,NWPP,0.27481924322558987,6606658.454612586,4536617.956698206,16768049.680957261
PA,61636266.0,97317587.0,224675617.0,2023,RFCE,0.2995123876223567,18460825.193786684,29147822.84001642,67293130.48819616
RI,6341652.0,1149685.0,11039731.0,2023,NEWE,0.24515789569177457,1554706.0595295336,281854.35530839785,2706477.2209632504
SC,25193823.0,25110033.0,81202185.0,2023,SRVC,0.2838920086001216,7152325.015785941,7128537.704385337,23052651.402368665
SD,5032841.0,3227339.0,13505999.0,2023,MROW,0.42792771543395236,2153692.151272328,1381067.8052008965,5779591.296723245
TN,35094425.0,22601013.0,99046005.0,2023,SRVC,0.2838920086001216,9963026.803916322,6416246.97696746,28118369.303267688
TX,165791834.0,158248978.0,492820385.0,2023,ERCT,0.351216082590197,58228758.46292423,55579586.12706227,173086445.04029268
UT,13337953.0,8622963.0,33343537.0,2023,NWPP,0.27481924322558987,3665526.149638486,2369756.166022262,9163445.604804454
VA,79621840.0,17708142.0,140665430.0,2023,SRVC,0.2838920086001216,22604004.086037505,5027200.000956174,39933791.4632998
VT,1903595.0,1284114.0,5364023.0,2023,NEWE,0.24515789569177457,466681.3444493836,314810.6860683474,1315032.5911222796
WA,30698404.0,22098181.0,91823104.0,2023,NWPP,0.27481924322558987,8436512.15551342,6073005.379082109,25234755.951904636
WI,23212820.0,23131084.0,68563904.0,2023,MROE,0.6752583211619236,15674649.862633925,15619456.948495433,46298346.7073473
WV,7173973.0,14662890.0,32070687.0,2023,RFCW,0.4562709219729477,3273275.2749190335,6690250.339087916,14632921.925795829
WY,5045931.0,8796321.0,16790115.0,2023,RMPA,0.5133460641743248,2590308.818945215,4515556.764563961,8619139.452284293
